Workbook

Sheet Demogradi semua DUN
B1: Kod | C1: DUN | D1: Pengundi (DPI Dec 2025) | E1: Majoriti PRU15 | F1: Jantina | H1: Umur (Umur pada 11/6/2026) | N1: Bangsa
F2: Lelaki | G2: Perempuan | H2: 18-20 Thn | I2: 21-25 Thn | J2: 26-40 Thn | K2: 41-60 Thn | L2: 61-999 Thn | M2: Tak Diketahui | N2: MELAYU | O2: CINA | P2: INDIA | Q2: LAIN-LAIN
B3: N01 | C3: =INDEX('[1](2) Pengundi & % Melayu'!$C$5:$C$40,MATCH($D3,'[1](2) Pengundi & % Melayu'!$B$5:$B$40,0)) -> Chennah | D3: =INDEX('[1](2) Pengundi & % Melayu'!$D$5:$D$40,MATCH($D3,'[1](2) Pengundi & % Melayu'!$B$5:$B$40,0)) -> 14427 | E3: =INDEX('[1](1) Majoriti'!$I$4:$I$39,MATCH($D3,'[1](1) Majoriti'!$B$4:$B$39,0)) -> -2200 | F3: =Jelebu!D13+Jelebu!J13+Jelebu!P13+Jelebu!V13+Jelebu!AB13+Jelebu!AH13 -> 7422 | G3: =Jelebu!F13+Jelebu!L13+Jelebu!R13+Jelebu!X13+Jelebu!AD13+Jelebu!AJ13 -> 7005 | H3: =Jelebu!H13 -> 572 | I3: =Jelebu!N13 -> 1105 | J3: =Jelebu!T13 -> 4040 | K3: =Jelebu!Z13 -> 4987 | L3: =Jelebu!AF13 -> 3723 | M3: =Jelebu!AL13 -> 0 | N3: =Jelebu!AN9 -> 7479 | O3: =Jelebu!AN10 -> 6630 | P3: =Jelebu!AN11 -> 318 | Q3: =Jelebu!AN12 -> 0
B4: N02 | C4: =INDEX('[1](2) Pengundi & % Melayu'!$C$5:$C$40,MATCH($D4,'[1](2) Pengundi & % Melayu'!$B$5:$B$40,0)) -> Pertang | D4: =INDEX('[1](2) Pengundi & % Melayu'!$D$5:$D$40,MATCH($D4,'[1](2) Pengundi & % Melayu'!$B$5:$B$40,0)) -> 12880 | E4: =INDEX('[1](1) Majoriti'!$I$4:$I$39,MATCH($D4,'[1](1) Majoriti'!$B$4:$B$39,0)) -> -2790 | F4: =Jelebu!D27+Jelebu!J27+Jelebu!P27+Jelebu!V27+Jelebu!AB27+Jelebu!AH27 -> 6523 | G4: =Jelebu!F27+Jelebu!L27+Jelebu!R27+Jelebu!X27+Jelebu!AD27+Jelebu!AJ27 -> 6357 | H4: =Jelebu!H27 -> 503 | I4: =Jelebu!N27 -> 1035 | J4: =Jelebu!T27 -> 3834 | K4: =Jelebu!Z27 -> 4767 | L4: =Jelebu!AF27 -> 2741 | M4: =Jelebu!AL27 -> 0 | N4: =Jelebu!AN23 -> 9201 | O4: =Jelebu!AN24 -> 2842 | P4: =Jelebu!AN25 -> 837 | Q4: =Jelebu!AN26 -> 0
B5: N03 | C5: =INDEX('[1](2) Pengundi & % Melayu'!$C$5:$C$40,MATCH($D5,'[1](2) Pengundi & % Melayu'!$B$5:$B$40,0)) -> Sungai Lui | D5: =INDEX('[1](2) Pengundi & % Melayu'!$D$5:$D$40,MATCH($D5,'[1](2) Pengundi & % Melayu'!$B$5:$B$40,0)) -> 19711 | E5: =INDEX('[1](1) Majoriti'!$I$4:$I$39,MATCH($D5,'[1](1) Majoriti'!$B$4:$B$39,0)) -> -535 | F5: =Jelebu!D41+Jelebu!J41+Jelebu!P41+Jelebu!V41+Jelebu!AB41+Jelebu!AH41 -> 9851 | G5: =Jelebu!F41+Jelebu!L41+Jelebu!R41+Jelebu!X41+Jelebu!AD41+Jelebu!AJ41 -> 9860 | H5: =Jelebu!H41 -> 864 | I5: =Jelebu!N41 -> 1646 | J5: =Jelebu!T41 -> 6919 | K5: =Jelebu!Z41 -> 6566 | L5: =Jelebu!AF41 -> 3716 | M5: =Jelebu!AL41 -> 0 | N5: =Jelebu!AN37 -> 16721 | O5: =Jelebu!AN38 -> 1417 | P5: =Jelebu!AN39 -> 1573 | Q5: =Jelebu!AN40 -> 0
B6: N04 | C6: =INDEX('[1](2) Pengundi & % Melayu'!$C$5:$C$40,MATCH($D6,'[1](2) Pengundi & % Melayu'!$B$5:$B$40,0)) -> Klawang | D6: =INDEX('[1](2) Pengundi & % Melayu'!$D$5:$D$40,MATCH($D6,'[1](2) Pengundi & % Melayu'!$B$5:$B$40,0)) -> 13329 | E6: =INDEX('[1](1) Majoriti'!$I$4:$I$39,MATCH($D6,'[1](1) Majoriti'!$B$4:$B$39,0)) -> -577 | F6: =Jelebu!D55+Jelebu!J55+Jelebu!P55+Jelebu!V55+Jelebu!AB55+Jelebu!AH55 -> 6676 | G6: =Jelebu!F55+Jelebu!L55+Jelebu!R55+Jelebu!X55+Jelebu!AD55+Jelebu!AJ55 -> 6653 | H6: =Jelebu!H55 -> 639 | I6: =Jelebu!N55 -> 1221 | J6: =Jelebu!T55 -> 4067 | K6: =Jelebu!Z55 -> 4232 | L6: =Jelebu!AF55 -> 3170 | M6: =Jelebu!AL55 -> 0 | N6: =Jelebu!AN51 -> 9044 | O6: =Jelebu!AN52 -> 3818 | P6: =Jelebu!AN53 -> 465 | Q6: =Jelebu!AN54 -> 2
B7: N05 | C7: =INDEX('[1](2) Pengundi & % Melayu'!$C$5:$C$40,MATCH($D7,'[1](2) Pengundi & % Melayu'!$B$5:$B$40,0)) -> Serting | D7: =INDEX('[1](2) Pengundi & % Melayu'!$D$5:$D$40,MATCH($D7,'[1](2) Pengundi & % Melayu'!$B$5:$B$40,0)) -> 30593 | E7: =INDEX('[1](1) Majoriti'!$I$4:$I$39,MATCH($D7,'[1](1) Majoriti'!$B$4:$B$39,0)) -> 843 | F7: =Jempol!D13+Jempol!J13+Jempol!P13+Jempol!V13+Jempol!AB13+Jempol!AH13 -> 14949 | G7: =Jempol!F13+Jempol!L13+Jempol!R13+Jempol!X13+Jempol!AD13+Jempol!AJ13 -> 15644 | H7: =Jempol!H13 -> 1251 | I7: =Jempol!N13 -> 2626 | J7: =Jempol!T13 -> 12688 | K7: =Jempol!Z13 -> 8083 | L7: =Jempol!AF13 -> 5945 | M7: =Jempol!AL13 -> 0 | N7: =Jempol!AN9 -> 24322 | O7: =Jempol!AN10 -> 3845 | P7: =Jempol!AN11 -> 2426 | Q7: =Jempol!AN12 -> 0
B8: N06 | C8: =INDEX('[1](2) Pengundi & % Melayu'!$C$5:$C$40,MATCH($D8,'[1](2) Pengundi & % Melayu'!$B$5:$B$40,0)) -> Palong | D8: =INDEX('[1](2) Pengundi & % Melayu'!$D$5:$D$40,MATCH($D8,'[1](2) Pengundi & % Melayu'!$B$5:$B$40,0)) -> 23548 | E8: =INDEX('[1](1) Majoriti'!$I$4:$I$39,MATCH($D8,'[1](1) Majoriti'!$B$4:$B$39,0)) -> -564 | F8: =Jempol!D27+Jempol!J27+Jempol!P27+Jempol!V27+Jempol!AB27+Jempol!AH27 -> 11396 | G8: =Jempol!F27+Jempol!L27+Jempol!R27+Jempol!X27+Jempol!AD27+Jempol!AJ27 -> 12152 | H8: =Jempol!H27 -> 912 | I8: =Jempol!N27 -> 1594 | J8: =Jempol!T27 -> 8813 | K8: =Jempol!Z27 -> 7140 | L8: =Jempol!AF27 -> 5089 | M8: =Jempol!AL27 -> 0 | N8: =Jempol!AN23 -> 21891 | O8: =Jempol!AN24 -> 453 | P8: =Jempol!AN25 -> 1204 | Q8: =Jempol!AN26 -> 0
B9: N07 | C9: =INDEX('[1](2) Pengundi & % Melayu'!$C$5:$C$40,MATCH($D9,'[1](2) Pengundi & % Melayu'!$B$5:$B$40,0)) -> Jeram Padang | D9: =INDEX('[1](2) Pengundi & % Melayu'!$D$5:$D$40,MATCH($D9,'[1](2) Pengundi & % Melayu'!$B$5:$B$40,0)) -> 16539 | E9: =INDEX('[1](1) Majoriti'!$I$4:$I$39,MATCH($D9,'[1](1) Majoriti'!$B$4:$B$39,0)) -> -693 | F9: =Jempol!D41+Jempol!J41+Jempol!P41+Jempol!V41+Jempol!AB41+Jempol!AH41 -> 7938 | G9: =Jempol!F41+Jempol!L41+Jempol!R41+Jempol!X41+Jempol!AD41+Jempol!AJ41 -> 8601 | H9: =Jempol!H41 -> 884 | I9: =Jempol!N41 -> 1677 | J9: =Jempol!T41 -> 5278 | K9: =Jempol!Z41 -> 5534 | L9: =Jempol!AF41 -> 3166 | M9: =Jempol!AL41 -> 0 | N9: =Jempol!AN37 -> 9518 | O9: =Jempol!AN38 -> 1696 | P9: =Jempol!AN39 -> 5324 | Q9: =Jempol!AN40 -> 1
B10: N08 | C10: =INDEX('[1](2) Pengundi & % Melayu'!$C$5:$C$40,MATCH($D10,'[1](2) Pengundi & % Melayu'!$B$5:$B$40,0)) -> Bahau | D10: =INDEX('[1](2) Pengundi & % Melayu'!$D$5:$D$40,MATCH($D10,'[1](2) Pengundi & % Melayu'!$B$5:$B$40,0)) -> 25951 | E10: =INDEX('[1](1) Majoriti'!$I$4:$I$39,MATCH($D10,'[1](1) Majoriti'!$B$4:$B$39,0)) -> -8408 | F10: =Jempol!D55+Jempol!J55+Jempol!P55+Jempol!V55+Jempol!AB55+Jempol!AH55 -> 12840 | G10: =Jempol!F55+Jempol!L55+Jempol!R55+Jempol!X55+Jempol!AD55+Jempol!AJ55 -> 13111 | H10: =Jempol!H55 -> 1173 | I10: =Jempol!N55 -> 2353 | J10: =Jempol!T55 -> 7978 | K10: =Jempol!Z55 -> 8244 | L10: =Jempol!AF55 -> 6203 | M10: =Jempol!AL55 -> 0 | N10: =Jempol!AN51 -> 8209 | O10: =Jempol!AN52 -> 15122 | P10: =Jempol!AN53 -> 2620 | Q10: =Jempol!AN54 -> 0
B11: N09 | C11: =INDEX('[1](2) Pengundi & % Melayu'!$C$5:$C$40,MATCH($D11,'[1](2) Pengundi & % Melayu'!$B$5:$B$40,0)) -> Lenggeng | D11: =INDEX('[1](2) Pengundi & % Melayu'!$D$5:$D$40,MATCH($D11,'[1](2) Pengundi & % Melayu'!$B$5:$B$40,0)) -> 28671 | E11: =INDEX('[1](1) Majoriti'!$I$4:$I$39,MATCH($D11,'[1](1) Majoriti'!$B$4:$B$39,0)) -> -685 | F11: =Seremban!D13+Seremban!J13+Seremban!P13+Seremban!V13+Seremban!AB13+Seremban!AH13 -> 14102 | G11: =Seremban!F13+Seremban!L13+Seremban!R13+Seremban!X13+Seremban!AD13+Seremban!AJ13 -> 14569 | H11: =Seremban!H13 -> 1467 | I11: =Seremban!N13 -> 3269 | J11: =Seremban!T13 -> 9987 | K11: =Seremban!Z13 -> 8530 | L11: =Seremban!AF13 -> 5418 | M11: =Seremban!AL13 -> 0 | N11: =Seremban!AN9 -> 22814 | O11: =Seremban!AN10 -> 4457 | P11: =Seremban!AN11 -> 1400 | Q11: =Seremban!AN12 -> 0
B12: N10 | C12: =INDEX('[1](2) Pengundi & % Melayu'!$C$5:$C$40,MATCH($D12,'[1](2) Pengundi & % Melayu'!$B$5:$B$40,0)) -> Nilai | D12: =INDEX('[1](2) Pengundi & % Melayu'!$D$5:$D$40,MATCH($D12,'[1](2) Pengundi & % Melayu'!$B$5:$B$40,0)) -> 45487 | E12: =INDEX('[1](1) Majoriti'!$I$4:$I$39,MATCH($D12,'[1](1) Majoriti'!$B$4:$B$39,0)) -> -10889 | F12: =Seremban!D27+Seremban!J27+Seremban!P27+Seremban!V27+Seremban!AB27+Seremban!AH27 -> 23107 | G12: =Seremban!F27+Seremban!L27+Seremban!R27+Seremban!X27+Seremban!AD27+Seremban!AJ27 -> 22380 | H12: =Seremban!H27 -> 3635 | I12: =Seremban!N27 -> 6582 | J12: =Seremban!T27 -> 14783 | K12: =Seremban!Z27 -> 13688 | L12: =Seremban!AF27 -> 6799 | M12: =Seremban!AL27 -> 0 | N12: =Seremban!AN23 -> 22213 | O12: =Seremban!AN24 -> 14350 | P12: =Seremban!AN25 -> 8918 | Q12: =Seremban!AN26 -> 6
B13: N11 | C13: =INDEX('[1](2) Pengundi & % Melayu'!$C$5:$C$40,MATCH($D13,'[1](2) Pengundi & % Melayu'!$B$5:$B$40,0)) -> Lobak | D13: =INDEX('[1](2) Pengundi & % Melayu'!$D$5:$D$40,MATCH($D13,'[1](2) Pengundi & % Melayu'!$B$5:$B$40,0)) -> 23141 | E13: =INDEX('[1](1) Majoriti'!$I$4:$I$39,MATCH($D13,'[1](1) Majoriti'!$B$4:$B$39,0)) -> -13504 | F13: =Seremban!D41+Seremban!J41+Seremban!P41+Seremban!V41+Seremban!AB41+Seremban!AH41 -> 11099 | G13: =Seremban!F41+Seremban!L41+Seremban!R41+Seremban!X41+Seremban!AD41+Seremban!AJ41 -> 12042 | H13: =Seremban!H41 -> 703 | I13: =Seremban!N41 -> 1492 | J13: =Seremban!T41 -> 5797 | K13: =Seremban!Z41 -> 8069 | L13: =Seremban!AF41 -> 7080 | M13: =Seremban!AL41 -> 0 | N13: =Seremban!AN37 -> 1555 | O13: =Seremban!AN38 -> 16793 | P13: =Seremban!AN39 -> 4789 | Q13: =Seremban!AN40 -> 4
B14: N12 | C14: =INDEX('[1](2) Pengundi & % Melayu'!$C$5:$C$40,MATCH($D14,'[1](2) Pengundi & % Melayu'!$B$5:$B$40,0)) -> Temiang | D14: =INDEX('[1](2) Pengundi & % Melayu'!$D$5:$D$40,MATCH($D14,'[1](2) Pengundi & % Melayu'!$B$5:$B$40,0)) -> 12975 | E14: =INDEX('[1](1) Majoriti'!$I$4:$I$39,MATCH($D14,'[1](1) Majoriti'!$B$4:$B$39,0)) -> -3068 | F14: =Seremban!D55+Seremban!J55+Seremban!P55+Seremban!V55+Seremban!AB55+Seremban!AH55 -> 6803 | G14: =Seremban!F55+Seremban!L55+Seremban!R55+Seremban!X55+Seremban!AD55+Seremban!AJ55 -> 6172 | H14: =Seremban!H55 -> 457 | I14: =Seremban!N55 -> 813 | J14: =Seremban!T55 -> 3554 | K14: =Seremban!Z55 -> 4224 | L14: =Seremban!AF55 -> 3927 | M14: =Seremban!AL55 -> 0 | N14: =Seremban!AN51 -> 5473 | O14: =Seremban!AN52 -> 5800 | P14: =Seremban!AN53 -> 1695 | Q14: =Seremban!AN54 -> 7
B15: N13 | C15: =INDEX('[1](2) Pengundi & % Melayu'!$C$5:$C$40,MATCH($D15,'[1](2) Pengundi & % Melayu'!$B$5:$B$40,0)) -> Sikamat | D15: =INDEX('[1](2) Pengundi & % Melayu'!$D$5:$D$40,MATCH($D15,'[1](2) Pengundi & % Melayu'!$B$5:$B$40,0)) -> 33885 | E15: =INDEX('[1](1) Majoriti'!$I$4:$I$39,MATCH($D15,'[1](1) Majoriti'!$B$4:$B$39,0)) -> -2662 | F15: =Seremban!D69+Seremban!J69+Seremban!P69+Seremban!V69+Seremban!AB69+Seremban!AH69 -> 16567 | G15: =Seremban!F69+Seremban!L69+Seremban!R69+Seremban!X69+Seremban!AD69+Seremban!AJ69 -> 17318 | H15: =Seremban!H69 -> 1960 | I15: =Seremban!N69 -> 4028 | J15: =Seremban!T69 -> 11959 | K15: =Seremban!Z69 -> 10001 | L15: =Seremban!AF69 -> 5937 | M15: =Seremban!AL69 -> 0 | N15: =Seremban!AN65 -> 24814 | O15: =Seremban!AN66 -> 6773 | P15: =Seremban!AN67 -> 2282 | Q15: =Seremban!AN68 -> 16
B16: N14 | C16: =INDEX('[1](2) Pengundi & % Melayu'!$C$5:$C$40,MATCH($D16,'[1](2) Pengundi & % Melayu'!$B$5:$B$40,0)) -> Ampangan | D16: =INDEX('[1](2) Pengundi & % Melayu'!$D$5:$D$40,MATCH($D16,'[1](2) Pengundi & % Melayu'!$B$5:$B$40,0)) -> 21338 | E16: =INDEX('[1](1) Majoriti'!$I$4:$I$39,MATCH($D16,'[1](1) Majoriti'!$B$4:$B$39,0)) -> -329 | F16: =Seremban!D83+Seremban!J83+Seremban!P83+Seremban!V83+Seremban!AB83+Seremban!AH83 -> 10460 | G16: =Seremban!F83+Seremban!L83+Seremban!R83+Seremban!X83+Seremban!AD83+Seremban!AJ83 -> 10878 | H16: =Seremban!H83 -> 859 | I16: =Seremban!N83 -> 1847 | J16: =Seremban!T83 -> 6486 | K16: =Seremban!Z83 -> 6920 | L16: =Seremban!AF83 -> 5226 | M16: =Seremban!AL83 -> 0 | N16: =Seremban!AN79 -> 16314 | O16: =Seremban!AN80 -> 3572 | P16: =Seremban!AN81 -> 1440 | Q16: =Seremban!AN82 -> 12
B17: N15 | C17: =INDEX('[1](2) Pengundi & % Melayu'!$C$5:$C$40,MATCH($D17,'[1](2) Pengundi & % Melayu'!$B$5:$B$40,0)) -> Juasseh | D17: =INDEX('[1](2) Pengundi & % Melayu'!$D$5:$D$40,MATCH($D17,'[1](2) Pengundi & % Melayu'!$B$5:$B$40,0)) -> 13669 | E17: =INDEX('[1](1) Majoriti'!$I$4:$I$39,MATCH($D17,'[1](1) Majoriti'!$B$4:$B$39,0)) -> -78 | F17: ='Kuala Pilah'!D13+'Kuala Pilah'!J13+'Kuala Pilah'!P13+'Kuala Pilah'!V13+'Kuala Pilah'!AB13+'Kuala Pilah'!AH13 -> 6676 | G17: ='Kuala Pilah'!F13+'Kuala Pilah'!L13+'Kuala Pilah'!R13+'Kuala Pilah'!X13+'Kuala Pilah'!AD13+'Kuala Pilah'!AJ13 -> 6993 | H17: ='Kuala Pilah'!H13 -> 596 | I17: ='Kuala Pilah'!N13 -> 1264 | J17: ='Kuala Pilah'!T13 -> 4385 | K17: ='Kuala Pilah'!Z13 -> 4309 | L17: ='Kuala Pilah'!AF13 -> 3115 | M17: ='Kuala Pilah'!AL13 -> 0 | N17: ='Kuala Pilah'!AN9 -> 11310 | O17: ='Kuala Pilah'!AN10 -> 1676 | P17: ='Kuala Pilah'!AN11 -> 681 | Q17: ='Kuala Pilah'!AN12 -> 2
B18: N16 | C18: =INDEX('[1](2) Pengundi & % Melayu'!$C$5:$C$40,MATCH($D18,'[1](2) Pengundi & % Melayu'!$B$5:$B$40,0)) -> Seri Menanti | D18: =INDEX('[1](2) Pengundi & % Melayu'!$D$5:$D$40,MATCH($D18,'[1](2) Pengundi & % Melayu'!$B$5:$B$40,0)) -> 10100 | E18: =INDEX('[1](1) Majoriti'!$I$4:$I$39,MATCH($D18,'[1](1) Majoriti'!$B$4:$B$39,0)) -> -370 | F18: ='Kuala Pilah'!D27+'Kuala Pilah'!J27+'Kuala Pilah'!P27+'Kuala Pilah'!V27+'Kuala Pilah'!AB27+'Kuala Pilah'!AH27 -> 4959 | G18: ='Kuala Pilah'!F27+'Kuala Pilah'!L27+'Kuala Pilah'!R27+'Kuala Pilah'!X27+'Kuala Pilah'!AD27+'Kuala Pilah'!AJ27 -> 5141 | H18: ='Kuala Pilah'!H27 -> 389 | I18: ='Kuala Pilah'!N27 -> 876 | J18: ='Kuala Pilah'!T27 -> 2783 | K18: ='Kuala Pilah'!Z27 -> 3455 | L18: ='Kuala Pilah'!AF27 -> 2597 | M18: ='Kuala Pilah'!AL27 -> 0 | N18: ='Kuala Pilah'!AN23 -> 9665 | O18: ='Kuala Pilah'!AN24 -> 379 | P18: ='Kuala Pilah'!AN25 -> 56 | Q18: ='Kuala Pilah'!AN26 -> 0
B19: N17 | C19: =INDEX('[1](2) Pengundi & % Melayu'!$C$5:$C$40,MATCH($D19,'[1](2) Pengundi & % Melayu'!$B$5:$B$40,0)) -> Senaling | D19: =INDEX('[1](2) Pengundi & % Melayu'!$D$5:$D$40,MATCH($D19,'[1](2) Pengundi & % Melayu'!$B$5:$B$40,0)) -> 9914 | E19: =INDEX('[1](1) Majoriti'!$I$4:$I$39,MATCH($D19,'[1](1) Majoriti'!$B$4:$B$39,0)) -> -662 | F19: ='Kuala Pilah'!D41+'Kuala Pilah'!J41+'Kuala Pilah'!P41+'Kuala Pilah'!V41+'Kuala Pilah'!AB41+'Kuala Pilah'!AH41 -> 4906 | G19: ='Kuala Pilah'!F41+'Kuala Pilah'!L41+'Kuala Pilah'!R41+'Kuala Pilah'!X41+'Kuala Pilah'!AD41+'Kuala Pilah'!AJ41 -> 5008 | H19: ='Kuala Pilah'!H41 -> 421 | I19: ='Kuala Pilah'!N41 -> 734 | J19: ='Kuala Pilah'!T41 -> 2881 | K19: ='Kuala Pilah'!Z41 -> 3247 | L19: ='Kuala Pilah'!AF41 -> 2631 | M19: ='Kuala Pilah'!AL41 -> 0 | N19: ='Kuala Pilah'!AN37 -> 8117 | O19: ='Kuala Pilah'!AN38 -> 1514 | P19: ='Kuala Pilah'!AN39 -> 283 | Q19: ='Kuala Pilah'!AN40 -> 0
B20: N18 | C20: =INDEX('[1](2) Pengundi & % Melayu'!$C$5:$C$40,MATCH($D20,'[1](2) Pengundi & % Melayu'!$B$5:$B$40,0)) -> Pilah | D20: =INDEX('[1](2) Pengundi & % Melayu'!$D$5:$D$40,MATCH($D20,'[1](2) Pengundi & % Melayu'!$B$5:$B$40,0)) -> 17963 | E20: =INDEX('[1](1) Majoriti'!$I$4:$I$39,MATCH($D20,'[1](1) Majoriti'!$B$4:$B$39,0)) -> -1079 | F20: ='Kuala Pilah'!D55+'Kuala Pilah'!J55+'Kuala Pilah'!P55+'Kuala Pilah'!V55+'Kuala Pilah'!AB55+'Kuala Pilah'!AH55 -> 8902 | G20: ='Kuala Pilah'!F55+'Kuala Pilah'!L55+'Kuala Pilah'!R55+'Kuala Pilah'!X55+'Kuala Pilah'!AD55+'Kuala Pilah'!AJ55 -> 9061 | H20: ='Kuala Pilah'!H55 -> 741 | I20: ='Kuala Pilah'!N55 -> 1512 | J20: ='Kuala Pilah'!T55 -> 5823 | K20: ='Kuala Pilah'!Z55 -> 5527 | L20: ='Kuala Pilah'!AF55 -> 4360 | M20: ='Kuala Pilah'!AL55 -> 0 | N20: ='Kuala Pilah'!AN51 -> 11974 | O20: ='Kuala Pilah'!AN52 -> 4585 | P20: ='Kuala Pilah'!AN53 -> 1403 | Q20: ='Kuala Pilah'!AN54 -> 1
B21: N19 | C21: =INDEX('[1](2) Pengundi & % Melayu'!$C$5:$C$40,MATCH($D21,'[1](2) Pengundi & % Melayu'!$B$5:$B$40,0)) -> Johol | D21: =INDEX('[1](2) Pengundi & % Melayu'!$D$5:$D$40,MATCH($D21,'[1](2) Pengundi & % Melayu'!$B$5:$B$40,0)) -> 12359 | E21: =INDEX('[1](1) Majoriti'!$I$4:$I$39,MATCH($D21,'[1](1) Majoriti'!$B$4:$B$39,0)) -> -2117 | F21: ='Kuala Pilah'!D69+'Kuala Pilah'!J69+'Kuala Pilah'!P69+'Kuala Pilah'!V69+'Kuala Pilah'!AB69+'Kuala Pilah'!AH69 -> 6206 | G21: ='Kuala Pilah'!F69+'Kuala Pilah'!L69+'Kuala Pilah'!R69+'Kuala Pilah'!X69+'Kuala Pilah'!AD69+'Kuala Pilah'!AJ69 -> 6153 | H21: ='Kuala Pilah'!H69 -> 463 | I21: ='Kuala Pilah'!N69 -> 1070 | J21: ='Kuala Pilah'!T69 -> 3624 | K21: ='Kuala Pilah'!Z69 -> 4283 | L21: ='Kuala Pilah'!AF69 -> 2919 | M21: ='Kuala Pilah'!AL69 -> 0 | N21: ='Kuala Pilah'!AN65 -> 9710 | O21: ='Kuala Pilah'!AN66 -> 1999 | P21: ='Kuala Pilah'!AN67 -> 650 | Q21: ='Kuala Pilah'!AN68 -> 0
B22: N20 | C22: =INDEX('[1](2) Pengundi & % Melayu'!$C$5:$C$40,MATCH($D22,'[1](2) Pengundi & % Melayu'!$B$5:$B$40,0)) -> Labu | D22: =INDEX('[1](2) Pengundi & % Melayu'!$D$5:$D$40,MATCH($D22,'[1](2) Pengundi & % Melayu'!$B$5:$B$40,0)) -> 32575 | E22: =INDEX('[1](1) Majoriti'!$I$4:$I$39,MATCH($D22,'[1](1) Majoriti'!$B$4:$B$39,0)) -> 1640 | F22: =Rasah!D13+Rasah!J13+Rasah!P13+Rasah!V13+Rasah!AB13+Rasah!AH13 -> 16182 | G22: =Rasah!F13+Rasah!L13+Rasah!R13+Rasah!X13+Rasah!AD13+Rasah!AJ13 -> 16393 | H22: =Rasah!H13 -> 2320 | I22: =Rasah!N13 -> 4856 | J22: =Rasah!T13 -> 10995 | K22: =Rasah!Z13 -> 9648 | L22: =Rasah!AF13 -> 4756 | M22: =Rasah!AL13 -> 0 | N22: =Rasah!AN9 -> 25804 | O22: =Rasah!AN10 -> 2789 | P22: =Rasah!AN11 -> 3982 | Q22: =Rasah!AN12 -> 0
B23: N21 | C23: =INDEX('[1](2) Pengundi & % Melayu'!$C$5:$C$40,MATCH($D23,'[1](2) Pengundi & % Melayu'!$B$5:$B$40,0)) -> Bukit Kepayang | D23: =INDEX('[1](2) Pengundi & % Melayu'!$D$5:$D$40,MATCH($D23,'[1](2) Pengundi & % Melayu'!$B$5:$B$40,0)) -> 49248 | E23: =INDEX('[1](1) Majoriti'!$I$4:$I$39,MATCH($D23,'[1](1) Majoriti'!$B$4:$B$39,0)) -> -19684 | F23: =Rasah!D27+Rasah!J27+Rasah!P27+Rasah!V27+Rasah!AB27+Rasah!AH27 -> 24343 | G23: =Rasah!F27+Rasah!L27+Rasah!R27+Rasah!X27+Rasah!AD27+Rasah!AJ27 -> 24905 | H23: =Rasah!H27 -> 3379 | I23: =Rasah!N27 -> 6555 | J23: =Rasah!T27 -> 16240 | K23: =Rasah!Z27 -> 13636 | L23: =Rasah!AF27 -> 9438 | M23: =Rasah!AL27 -> 0 | N23: =Rasah!AN23 -> 14655 | O23: =Rasah!AN24 -> 24973 | P23: =Rasah!AN25 -> 9573 | Q23: =Rasah!AN26 -> 47
B24: N22 | C24: =INDEX('[1](2) Pengundi & % Melayu'!$C$5:$C$40,MATCH($D24,'[1](2) Pengundi & % Melayu'!$B$5:$B$40,0)) -> Rahang | D24: =INDEX('[1](2) Pengundi & % Melayu'!$D$5:$D$40,MATCH($D24,'[1](2) Pengundi & % Melayu'!$B$5:$B$40,0)) -> 19608 | E24: =INDEX('[1](1) Majoriti'!$I$4:$I$39,MATCH($D24,'[1](1) Majoriti'!$B$4:$B$39,0)) -> -6432 | F24: =Rasah!D41+Rasah!J41+Rasah!P41+Rasah!V41+Rasah!AB41+Rasah!AH41 -> 9835 | G24: =Rasah!F41+Rasah!L41+Rasah!R41+Rasah!X41+Rasah!AD41+Rasah!AJ41 -> 9773 | H24: =Rasah!H41 -> 484 | I24: =Rasah!N41 -> 1119 | J24: =Rasah!T41 -> 5053 | K24: =Rasah!Z41 -> 6541 | L24: =Rasah!AF41 -> 6411 | M24: =Rasah!AL41 -> 0 | N24: =Rasah!AN37 -> 6476 | O24: =Rasah!AN38 -> 9103 | P24: =Rasah!AN39 -> 4019 | Q24: =Rasah!AN40 -> 10
B25: N23 | C25: =INDEX('[1](2) Pengundi & % Melayu'!$C$5:$C$40,MATCH($D25,'[1](2) Pengundi & % Melayu'!$B$5:$B$40,0)) -> Mambau | D25: =INDEX('[1](2) Pengundi & % Melayu'!$D$5:$D$40,MATCH($D25,'[1](2) Pengundi & % Melayu'!$B$5:$B$40,0)) -> 30316 | E25: =INDEX('[1](1) Majoriti'!$I$4:$I$39,MATCH($D25,'[1](1) Majoriti'!$B$4:$B$39,0)) -> -14940 | F25: =Rasah!D55+Rasah!J55+Rasah!P55+Rasah!V55+Rasah!AB55+Rasah!AH55 -> 14760 | G25: =Rasah!F55+Rasah!L55+Rasah!R55+Rasah!X55+Rasah!AD55+Rasah!AJ55 -> 15556 | H25: =Rasah!H55 -> 1202 | I25: =Rasah!N55 -> 2442 | J25: =Rasah!T55 -> 9325 | K25: =Rasah!Z55 -> 10415 | L25: =Rasah!AF55 -> 6932 | M25: =Rasah!AL55 -> 0 | N25: =Rasah!AN51 -> 4581 | O25: =Rasah!AN52 -> 18457 | P25: =Rasah!AN53 -> 7256 | Q25: =Rasah!AN54 -> 22
B26: N24 | C26: =INDEX('[1](2) Pengundi & % Melayu'!$C$5:$C$40,MATCH($D26,'[1](2) Pengundi & % Melayu'!$B$5:$B$40,0)) -> Seremban Jaya | D26: =INDEX('[1](2) Pengundi & % Melayu'!$D$5:$D$40,MATCH($D26,'[1](2) Pengundi & % Melayu'!$B$5:$B$40,0)) -> 32899 | E26: =INDEX('[1](1) Majoriti'!$I$4:$I$39,MATCH($D26,'[1](1) Majoriti'!$B$4:$B$39,0)) -> -12703 | F26: =Rasah!D69+Rasah!J69+Rasah!P69+Rasah!V69+Rasah!AB69+Rasah!AH69 -> 16018 | G26: =Rasah!F69+Rasah!L69+Rasah!R69+Rasah!X69+Rasah!AD69+Rasah!AJ69 -> 16881 | H26: =Rasah!H69 -> 1713 | I26: =Rasah!N69 -> 3840 | J26: =Rasah!T69 -> 11340 | K26: =Rasah!Z69 -> 10250 | L26: =Rasah!AF69 -> 5756 | M26: =Rasah!AL69 -> 0 | N26: =Rasah!AN65 -> 8781 | O26: =Rasah!AN66 -> 15456 | P26: =Rasah!AN67 -> 8654 | Q26: =Rasah!AN68 -> 8
B27: N25 | C27: =INDEX('[1](2) Pengundi & % Melayu'!$C$5:$C$40,MATCH($D27,'[1](2) Pengundi & % Melayu'!$B$5:$B$40,0)) -> Paroi | D27: =INDEX('[1](2) Pengundi & % Melayu'!$D$5:$D$40,MATCH($D27,'[1](2) Pengundi & % Melayu'!$B$5:$B$40,0)) -> 64582 | E27: =INDEX('[1](1) Majoriti'!$I$4:$I$39,MATCH($D27,'[1](1) Majoriti'!$B$4:$B$39,0)) -> 5539 | F27: =Rembau!D13+Rembau!J13+Rembau!P13+Rembau!V13+Rembau!AB13+Rembau!AH13 -> 31646 | G27: =Rembau!F13+Rembau!L13+Rembau!R13+Rembau!X13+Rembau!AD13+Rembau!AJ13 -> 32936 | H27: =Rembau!H13 -> 4342 | I27: =Rembau!N13 -> 9142 | J27: =Rembau!T13 -> 24101 | K27: =Rembau!Z13 -> 17835 | L27: =Rembau!AF13 -> 9162 | M27: =Rembau!AL13 -> 0 | N27: =Rembau!AN9 -> 51602 | O27: =Rembau!AN10 -> 4406 | P27: =Rembau!AN11 -> 8570 | Q27: =Rembau!AN12 -> 4
B28: N26 | C28: =INDEX('[1](2) Pengundi & % Melayu'!$C$5:$C$40,MATCH($D28,'[1](2) Pengundi & % Melayu'!$B$5:$B$40,0)) -> Chembong | D28: =INDEX('[1](2) Pengundi & % Melayu'!$D$5:$D$40,MATCH($D28,'[1](2) Pengundi & % Melayu'!$B$5:$B$40,0)) -> 26440 | E28: =INDEX('[1](1) Majoriti'!$I$4:$I$39,MATCH($D28,'[1](1) Majoriti'!$B$4:$B$39,0)) -> -4335 | F28: =Rembau!D27+Rembau!J27+Rembau!P27+Rembau!V27+Rembau!AB27+Rembau!AH27 -> 12843 | G28: =Rembau!F27+Rembau!L27+Rembau!R27+Rembau!X27+Rembau!AD27+Rembau!AJ27 -> 13597 | H28: =Rembau!H27 -> 1368 | I28: =Rembau!N27 -> 2989 | J28: =Rembau!T27 -> 9108 | K28: =Rembau!Z27 -> 7781 | L28: =Rembau!AF27 -> 5194 | M28: =Rembau!AL27 -> 0 | N28: =Rembau!AN23 -> 22157 | O28: =Rembau!AN24 -> 1868 | P28: =Rembau!AN25 -> 2414 | Q28: =Rembau!AN26 -> 1
B29: N27 | C29: =INDEX('[1](2) Pengundi & % Melayu'!$C$5:$C$40,MATCH($D29,'[1](2) Pengundi & % Melayu'!$B$5:$B$40,0)) -> Rantau | D29: =INDEX('[1](2) Pengundi & % Melayu'!$D$5:$D$40,MATCH($D29,'[1](2) Pengundi & % Melayu'!$B$5:$B$40,0)) -> 34636 | E29: =INDEX('[1](1) Majoriti'!$I$4:$I$39,MATCH($D29,'[1](1) Majoriti'!$B$4:$B$39,0)) -> -10280 | F29: =Rembau!D41+Rembau!J41+Rembau!P41+Rembau!V41+Rembau!AB41+Rembau!AH41 -> 17303 | G29: =Rembau!F41+Rembau!L41+Rembau!R41+Rembau!X41+Rembau!AD41+Rembau!AJ41 -> 17333 | H29: =Rembau!H41 -> 2004 | I29: =Rembau!N41 -> 3731 | J29: =Rembau!T41 -> 11604 | K29: =Rembau!Z41 -> 11279 | L29: =Rembau!AF41 -> 6018 | M29: =Rembau!AL41 -> 0 | N29: =Rembau!AN37 -> 20086 | O29: =Rembau!AN38 -> 5690 | P29: =Rembau!AN39 -> 8852 | Q29: =Rembau!AN40 -> 8
B30: N28 | C30: =INDEX('[1](2) Pengundi & % Melayu'!$C$5:$C$40,MATCH($D30,'[1](2) Pengundi & % Melayu'!$B$5:$B$40,0)) -> Kota | D30: =INDEX('[1](2) Pengundi & % Melayu'!$D$5:$D$40,MATCH($D30,'[1](2) Pengundi & % Melayu'!$B$5:$B$40,0)) -> 16730 | E30: =INDEX('[1](1) Majoriti'!$I$4:$I$39,MATCH($D30,'[1](1) Majoriti'!$B$4:$B$39,0)) -> -135 | F30: =Rembau!D55+Rembau!J55+Rembau!P55+Rembau!V55+Rembau!AB55+Rembau!AH55 -> 8186 | G30: =Rembau!F55+Rembau!L55+Rembau!R55+Rembau!X55+Rembau!AD55+Rembau!AJ55 -> 8544 | H30: =Rembau!H55 -> 706 | I30: =Rembau!N55 -> 1343 | J30: =Rembau!T55 -> 4978 | K30: =Rembau!Z55 -> 5587 | L30: =Rembau!AF55 -> 4116 | M30: =Rembau!AL55 -> 0 | N30: =Rembau!AN51 -> 14821 | O30: =Rembau!AN52 -> 1167 | P30: =Rembau!AN53 -> 742 | Q30: =Rembau!AN54 -> 0
B31: N29 | C31: =INDEX('[1](2) Pengundi & % Melayu'!$C$5:$C$40,MATCH($D31,'[1](2) Pengundi & % Melayu'!$B$5:$B$40,0)) -> Chuah | D31: =INDEX('[1](2) Pengundi & % Melayu'!$D$5:$D$40,MATCH($D31,'[1](2) Pengundi & % Melayu'!$B$5:$B$40,0)) -> 15141 | E31: =INDEX('[1](1) Majoriti'!$I$4:$I$39,MATCH($D31,'[1](1) Majoriti'!$B$4:$B$39,0)) -> -6298 | F31: ='Port Dickson'!D13+'Port Dickson'!J13+'Port Dickson'!P13+'Port Dickson'!V13+'Port Dickson'!AB13+'Port Dickson'!AH13 -> 7703 | G31: ='Port Dickson'!F13+'Port Dickson'!L13+'Port Dickson'!R13+'Port Dickson'!X13+'Port Dickson'!AD13+'Port Dickson'!AJ13 -> 7438 | H31: ='Port Dickson'!H13 -> 598 | I31: ='Port Dickson'!N13 -> 1212 | J31: ='Port Dickson'!T13 -> 4324 | K31: ='Port Dickson'!Z13 -> 5450 | L31: ='Port Dickson'!AF13 -> 3557 | M31: ='Port Dickson'!AL13 -> 0 | N31: ='Port Dickson'!AN9 -> 3831 | O31: ='Port Dickson'!AN10 -> 8186 | P31: ='Port Dickson'!AN11 -> 3123 | Q31: ='Port Dickson'!AN12 -> 1
B32: N30 | C32: =INDEX('[1](2) Pengundi & % Melayu'!$C$5:$C$40,MATCH($D32,'[1](2) Pengundi & % Melayu'!$B$5:$B$40,0)) -> Lukut | D32: =INDEX('[1](2) Pengundi & % Melayu'!$D$5:$D$40,MATCH($D32,'[1](2) Pengundi & % Melayu'!$B$5:$B$40,0)) -> 28010 | E32: =INDEX('[1](1) Majoriti'!$I$4:$I$39,MATCH($D32,'[1](1) Majoriti'!$B$4:$B$39,0)) -> -10135 | F32: ='Port Dickson'!D27+'Port Dickson'!J27+'Port Dickson'!P27+'Port Dickson'!V27+'Port Dickson'!AB27+'Port Dickson'!AH27 -> 13919 | G32: ='Port Dickson'!F27+'Port Dickson'!L27+'Port Dickson'!R27+'Port Dickson'!X27+'Port Dickson'!AD27+'Port Dickson'!AJ27 -> 14091 | H32: ='Port Dickson'!H27 -> 1522 | I32: ='Port Dickson'!N27 -> 3222 | J32: ='Port Dickson'!T27 -> 9589 | K32: ='Port Dickson'!Z27 -> 8970 | L32: ='Port Dickson'!AF27 -> 4707 | M32: ='Port Dickson'!AL27 -> 0 | N32: ='Port Dickson'!AN23 -> 7292 | O32: ='Port Dickson'!AN24 -> 13762 | P32: ='Port Dickson'!AN25 -> 6949 | Q32: ='Port Dickson'!AN26 -> 7
B33: N31 | C33: =INDEX('[1](2) Pengundi & % Melayu'!$C$5:$C$40,MATCH($D33,'[1](2) Pengundi & % Melayu'!$B$5:$B$40,0)) -> Bagan Pinang | D33: =INDEX('[1](2) Pengundi & % Melayu'!$D$5:$D$40,MATCH($D33,'[1](2) Pengundi & % Melayu'!$B$5:$B$40,0)) -> 27926 | E33: =INDEX('[1](1) Majoriti'!$I$4:$I$39,MATCH($D33,'[1](1) Majoriti'!$B$4:$B$39,0)) -> 3426 | F33: ='Port Dickson'!D41+'Port Dickson'!J41+'Port Dickson'!P41+'Port Dickson'!V41+'Port Dickson'!AB41+'Port Dickson'!AH41 -> 16389 | G33: ='Port Dickson'!F41+'Port Dickson'!L41+'Port Dickson'!R41+'Port Dickson'!X41+'Port Dickson'!AD41+'Port Dickson'!AJ41 -> 11537 | H33: ='Port Dickson'!H41 -> 2637 | I33: ='Port Dickson'!N41 -> 5842 | J33: ='Port Dickson'!T41 -> 9444 | K33: ='Port Dickson'!Z41 -> 6643 | L33: ='Port Dickson'!AF41 -> 3360 | M33: ='Port Dickson'!AL41 -> 0 | N33: ='Port Dickson'!AN37 -> 22064 | O33: ='Port Dickson'!AN38 -> 3373 | P33: ='Port Dickson'!AN39 -> 2488 | Q33: ='Port Dickson'!AN40 -> 1
B34: N32 | C34: =INDEX('[1](2) Pengundi & % Melayu'!$C$5:$C$40,MATCH($D34,'[1](2) Pengundi & % Melayu'!$B$5:$B$40,0)) -> Linggi | D34: =INDEX('[1](2) Pengundi & % Melayu'!$D$5:$D$40,MATCH($D34,'[1](2) Pengundi & % Melayu'!$B$5:$B$40,0)) -> 20768 | E34: =INDEX('[1](1) Majoriti'!$I$4:$I$39,MATCH($D34,'[1](1) Majoriti'!$B$4:$B$39,0)) -> -1461 | F34: ='Port Dickson'!D55+'Port Dickson'!J55+'Port Dickson'!P55+'Port Dickson'!V55+'Port Dickson'!AB55+'Port Dickson'!AH55 -> 10582 | G34: ='Port Dickson'!F55+'Port Dickson'!L55+'Port Dickson'!R55+'Port Dickson'!X55+'Port Dickson'!AD55+'Port Dickson'!AJ55 -> 10186 | H34: ='Port Dickson'!H55 -> 735 | I34: ='Port Dickson'!N55 -> 1736 | J34: ='Port Dickson'!T55 -> 7351 | K34: ='Port Dickson'!Z55 -> 6934 | L34: ='Port Dickson'!AF55 -> 4012 | M34: ='Port Dickson'!AL55 -> 0 | N34: ='Port Dickson'!AN51 -> 13537 | O34: ='Port Dickson'!AN52 -> 3784 | P34: ='Port Dickson'!AN53 -> 3447 | Q34: ='Port Dickson'!AN54 -> 0
B35: N33 | C35: =INDEX('[1](2) Pengundi & % Melayu'!$C$5:$C$40,MATCH($D35,'[1](2) Pengundi & % Melayu'!$B$5:$B$40,0)) -> Sri Tanjung | D35: =INDEX('[1](2) Pengundi & % Melayu'!$D$5:$D$40,MATCH($D35,'[1](2) Pengundi & % Melayu'!$B$5:$B$40,0)) -> 19585 | E35: =INDEX('[1](1) Majoriti'!$I$4:$I$39,MATCH($D35,'[1](1) Majoriti'!$B$4:$B$39,0)) -> -3996 | F35: ='Port Dickson'!D69+'Port Dickson'!J69+'Port Dickson'!P69+'Port Dickson'!V69+'Port Dickson'!AB69+'Port Dickson'!AH69 -> 9706 | G35: ='Port Dickson'!F69+'Port Dickson'!L69+'Port Dickson'!R69+'Port Dickson'!X69+'Port Dickson'!AD69+'Port Dickson'!AJ69 -> 9879 | H35: ='Port Dickson'!H69 -> 774 | I35: ='Port Dickson'!N69 -> 1722 | J35: ='Port Dickson'!T69 -> 6097 | K35: ='Port Dickson'!Z69 -> 6214 | L35: ='Port Dickson'!AF69 -> 4778 | M35: ='Port Dickson'!AL69 -> 0 | N35: ='Port Dickson'!AN65 -> 8316 | O35: ='Port Dickson'!AN66 -> 6453 | P35: ='Port Dickson'!AN67 -> 4810 | Q35: ='Port Dickson'!AN68 -> 6
B36: N34 | C36: =INDEX('[1](2) Pengundi & % Melayu'!$C$5:$C$40,MATCH($D36,'[1](2) Pengundi & % Melayu'!$B$5:$B$40,0)) -> Gemas | D36: =INDEX('[1](2) Pengundi & % Melayu'!$D$5:$D$40,MATCH($D36,'[1](2) Pengundi & % Melayu'!$B$5:$B$40,0)) -> 29235 | E36: =INDEX('[1](1) Majoriti'!$I$4:$I$39,MATCH($D36,'[1](1) Majoriti'!$B$4:$B$39,0)) -> 3120 | F36: =Tampin!D13+Tampin!J13+Tampin!P13+Tampin!V13+Tampin!AB13+Tampin!AH13 -> 15101 | G36: =Tampin!F13+Tampin!L13+Tampin!R13+Tampin!X13+Tampin!AD13+Tampin!AJ13 -> 14134 | H36: =Tampin!H13 -> 1097 | I36: =Tampin!N13 -> 2550 | J36: =Tampin!T13 -> 11858 | K36: =Tampin!Z13 -> 8919 | L36: =Tampin!AF13 -> 4811 | M36: =Tampin!AL13 -> 0 | N36: =Tampin!AN9 -> 24851 | O36: =Tampin!AN10 -> 3038 | P36: =Tampin!AN11 -> 1346 | Q36: =Tampin!AN12 -> 0
B37: N35 | C37: =INDEX('[1](2) Pengundi & % Melayu'!$C$5:$C$40,MATCH($D37,'[1](2) Pengundi & % Melayu'!$B$5:$B$40,0)) -> Gemencheh | D37: =INDEX('[1](2) Pengundi & % Melayu'!$D$5:$D$40,MATCH($D37,'[1](2) Pengundi & % Melayu'!$B$5:$B$40,0)) -> 24878 | E37: =INDEX('[1](1) Majoriti'!$I$4:$I$39,MATCH($D37,'[1](1) Majoriti'!$B$4:$B$39,0)) -> -2434 | F37: =Tampin!D27+Tampin!J27+Tampin!P27+Tampin!V27+Tampin!AB27+Tampin!AH27 -> 12464 | G37: =Tampin!F27+Tampin!L27+Tampin!R27+Tampin!X27+Tampin!AD27+Tampin!AJ27 -> 12414 | H37: =Tampin!H27 -> 1111 | I37: =Tampin!N27 -> 2179 | J37: =Tampin!T27 -> 7774 | K37: =Tampin!Z27 -> 8558 | L37: =Tampin!AF27 -> 5256 | M37: =Tampin!AL27 -> 0 | N37: =Tampin!AN23 -> 15768 | O37: =Tampin!AN24 -> 5510 | P37: =Tampin!AN25 -> 3600 | Q37: =Tampin!AN26 -> 0
B38: N36 | C38: =INDEX('[1](2) Pengundi & % Melayu'!$C$5:$C$40,MATCH($D38,'[1](2) Pengundi & % Melayu'!$B$5:$B$40,0)) -> Repah | D38: =INDEX('[1](2) Pengundi & % Melayu'!$D$5:$D$40,MATCH($D38,'[1](2) Pengundi & % Melayu'!$B$5:$B$40,0)) -> 27830 | E38: =INDEX('[1](1) Majoriti'!$I$4:$I$39,MATCH($D38,'[1](1) Majoriti'!$B$4:$B$39,0)) -> -5950 | F38: =Tampin!D41+Tampin!J41+Tampin!P41+Tampin!V41+Tampin!AB41+Tampin!AH41 -> 13734 | G38: =Tampin!F41+Tampin!L41+Tampin!R41+Tampin!X41+Tampin!AD41+Tampin!AJ41 -> 14096 | H38: =Tampin!H41 -> 1119 | I38: =Tampin!N41 -> 2570 | J38: =Tampin!T41 -> 9461 | K38: =Tampin!Z41 -> 8598 | L38: =Tampin!AF41 -> 6082 | M38: =Tampin!AL41 -> 0 | N38: =Tampin!AN37 -> 11630 | O38: =Tampin!AN38 -> 11633 | P38: =Tampin!AN39 -> 4560 | Q38: =Tampin!AN40 -> 7

Sheet Jelebu
B2: Negeri | C2: : | D2: 05 - NEGERI SEMBILAN
B3: Parlimen | C3: : | D3: 126 - JELEBU
B4: DUN | C4: : | D4: 01 - CHENNAH
B5: Umur Pada | C5: : | D5: 46184
B6: Bil. | C6: Bangsa | D6: 18-20 Thn | J6: 21-25 Thn | P6: 26-40 Thn | V6: 41-60 Thn | AB6: 61-999 Thn | AH6: Tak Diketahui | AN6: Jumlah
D7: Lelaki | F7: Wanita | H7: Jumlah | J7: Lelaki | L7: Wanita | N7: Jumlah | P7: Lelaki | R7: Wanita | T7: Jumlah | V7: Lelaki | X7: Wanita | Z7: Jumlah | AB7: Lelaki | AD7: Wanita | AF7: Jumlah | AH7: Lelaki | AJ7: Wanita | AL7: Jumlah
D8: Bil | E8: % | F8: Bil | G8: % | H8: Bil | I8: % | J8: Bil | K8: % | L8: Bil | M8: % | N8: Bil | O8: % | P8: Bil | Q8: % | R8: Bil | S8: % | T8: Bil | U8: % | V8: Bil | W8: % | X8: Bil | Y8: % | Z8: Bil | AA8: % | AB8: Bil | AC8: % | AD8: Bil | AE8: % | AF8: Bil | AG8: % | AH8: Bil | AI8: % | AJ8: Bil | AK8: % | AL8: Bil | AM8: %
B9: 1 | C9: M - MELAYU | D9: 181 | E9: 50.84 | F9: 175 | G9: 49.16 | H9: 356 | I9: 4.76 | J9: 360 | K9: 51.72 | L9: 336 | M9: 48.28 | N9: 696 | O9: 9.31 | P9: 1286 | Q9: 51.96 | R9: 1189 | S9: 48.04 | T9: 2475 | U9: 33.09 | V9: 1304 | W9: 51.64 | X9: 1221 | Y9: 48.36 | Z9: 2525 | AA9: 33.76 | AB9: 615 | AC9: 43.1 | AD9: 812 | AE9: 56.9 | AF9: 1427 | AG9: 19.08 | AH9: 0 | AI9: 0 | AJ9: 0 | AK9: 0 | AL9: 0 | AM9: 0 | AN9: 7479
B10: 2 | C10: C - CINA | D10: 107 | E10: 53.23 | F10: 94 | G10: 46.77 | H10: 201 | I10: 3.03 | J10: 201 | K10: 51.94 | L10: 186 | M10: 48.06 | N10: 387 | O10: 5.84 | P10: 825 | Q10: 56.28 | R10: 641 | S10: 43.72 | T10: 1466 | U10: 22.11 | V10: 1305 | W10: 55.44 | X10: 1049 | Y10: 44.56 | Z10: 2354 | AA10: 35.51 | AB10: 1082 | AC10: 48.69 | AD10: 1140 | AE10: 51.31 | AF10: 2222 | AG10: 33.51 | AH10: 0 | AI10: 0 | AJ10: 0 | AK10: 0 | AL10: 0 | AM10: 0 | AN10: 6630
B11: 3 | C11: I - INDIA | D11: 9 | E11: 60 | F11: 6 | G11: 40 | H11: 15 | I11: 4.72 | J11: 12 | K11: 54.55 | L11: 10 | M11: 45.45 | N11: 22 | O11: 6.92 | P11: 52 | Q11: 52.53 | R11: 47 | S11: 47.47 | T11: 99 | U11: 31.13 | V11: 53 | W11: 49.07 | X11: 55 | Y11: 50.93 | Z11: 108 | AA11: 33.96 | AB11: 30 | AC11: 40.54 | AD11: 44 | AE11: 59.46 | AF11: 74 | AG11: 23.27 | AH11: 0 | AI11: 0 | AJ11: 0 | AK11: 0 | AL11: 0 | AM11: 0 | AN11: 318
B12: 4 | C12: L - LAIN-LAIN | D12: 0 | E12: 0 | F12: 0 | G12: 0 | H12: 0 | I12: 0 | J12: 0 | K12: 0 | L12: 0 | M12: 0 | N12: 0 | O12: 0 | P12: 0 | Q12: 0 | R12: 0 | S12: 0 | T12: 0 | U12: 0 | V12: 0 | W12: 0 | X12: 0 | Y12: 0 | Z12: 0 | AA12: 0 | AB12: 0 | AC12: 0 | AD12: 0 | AE12: 0 | AF12: 0 | AG12: 0 | AH12: 0 | AI12: 0 | AJ12: 0 | AK12: 0 | AL12: 0 | AM12: 0 | AN12: 0
B13: Jumlah | D13: 297 | E13: 51.92 | F13: 275 | G13: 48.08 | H13: 572 | I13: 3.96 | J13: 573 | K13: 51.86 | L13: 532 | M13: 48.14 | N13: 1105 | O13: 7.66 | P13: 2163 | Q13: 53.54 | R13: 1877 | S13: 46.46 | T13: 4040 | U13: 28 | V13: 2662 | W13: 53.38 | X13: 2325 | Y13: 46.62 | Z13: 4987 | AA13: 34.57 | AB13: 1727 | AC13: 46.39 | AD13: 1996 | AE13: 53.61 | AF13: 3723 | AG13: 25.81 | AH13: 0 | AI13: 0 | AJ13: 0 | AK13: 0 | AL13: 0 | AM13: 0 | AN13: 14427
B16: Negeri | C16: : | D16: 05 - NEGERI SEMBILAN
B17: Parlimen | C17: : | D17: 126 - JELEBU
B18: DUN | C18: : | D18: 02 - PERTANG
B19: Umur Pada | C19: : | D19: 46184
B20: Bil. | C20: Bangsa | D20: 18-20 Thn | J20: 21-25 Thn | P20: 26-40 Thn | V20: 41-60 Thn | AB20: 61-999 Thn | AH20: Tak Diketahui | AN20: Jumlah
D21: Lelaki | F21: Wanita | H21: Jumlah | J21: Lelaki | L21: Wanita | N21: Jumlah | P21: Lelaki | R21: Wanita | T21: Jumlah | V21: Lelaki | X21: Wanita | Z21: Jumlah | AB21: Lelaki | AD21: Wanita | AF21: Jumlah | AH21: Lelaki | AJ21: Wanita | AL21: Jumlah
D22: Bil | E22: % | F22: Bil | G22: % | H22: Bil | I22: % | J22: Bil | K22: % | L22: Bil | M22: % | N22: Bil | O22: % | P22: Bil | Q22: % | R22: Bil | S22: % | T22: Bil | U22: % | V22: Bil | W22: % | X22: Bil | Y22: % | Z22: Bil | AA22: % | AB22: Bil | AC22: % | AD22: Bil | AE22: % | AF22: Bil | AG22: % | AH22: Bil | AI22: % | AJ22: Bil | AK22: % | AL22: Bil | AM22: %
B23: 1 | C23: M - MELAYU | D23: 202 | E23: 52.47 | F23: 183 | G23: 47.53 | H23: 385 | I23: 4.18 | J23: 367 | K23: 49.46 | L23: 375 | M23: 50.54 | N23: 742 | O23: 8.06 | P23: 1458 | Q23: 51.03 | R23: 1399 | S23: 48.97 | T23: 2857 | U23: 31.05 | V23: 1812 | W23: 51.68 | X23: 1694 | Y23: 48.32 | Z23: 3506 | AA23: 38.1 | AB23: 761 | AC23: 44.48 | AD23: 950 | AE23: 55.52 | AF23: 1711 | AG23: 18.6 | AH23: 0 | AI23: 0 | AJ23: 0 | AK23: 0 | AL23: 0 | AM23: 0 | AN23: 9201
B24: 2 | C24: C - CINA | D24: 51 | E24: 57.95 | F24: 37 | G24: 42.05 | H24: 88 | I24: 3.1 | J24: 115 | K24: 53.99 | L24: 98 | M24: 46.01 | N24: 213 | O24: 7.49 | P24: 391 | Q24: 54.69 | R24: 324 | S24: 45.31 | T24: 715 | U24: 25.16 | V24: 550 | W24: 56.53 | X24: 423 | Y24: 43.47 | Z24: 973 | AA24: 34.24 | AB24: 413 | AC24: 48.42 | AD24: 440 | AE24: 51.58 | AF24: 853 | AG24: 30.01 | AH24: 0 | AI24: 0 | AJ24: 0 | AK24: 0 | AL24: 0 | AM24: 0 | AN24: 2842
B25: 3 | C25: I - INDIA | D25: 18 | E25: 60 | F25: 12 | G25: 40 | H25: 30 | I25: 3.58 | J25: 37 | K25: 46.25 | L25: 43 | M25: 53.75 | N25: 80 | O25: 9.56 | P25: 132 | Q25: 50.38 | R25: 130 | S25: 49.62 | T25: 262 | U25: 31.3 | V25: 141 | W25: 48.96 | X25: 147 | Y25: 51.04 | Z25: 288 | AA25: 34.41 | AB25: 75 | AC25: 42.37 | AD25: 102 | AE25: 57.63 | AF25: 177 | AG25: 21.15 | AH25: 0 | AI25: 0 | AJ25: 0 | AK25: 0 | AL25: 0 | AM25: 0 | AN25: 837
B26: 4 | C26: L - LAIN-LAIN | D26: 0 | E26: 0 | F26: 0 | G26: 0 | H26: 0 | I26: 0 | J26: 0 | K26: 0 | L26: 0 | M26: 0 | N26: 0 | O26: 0 | P26: 0 | Q26: 0 | R26: 0 | S26: 0 | T26: 0 | U26: 0 | V26: 0 | W26: 0 | X26: 0 | Y26: 0 | Z26: 0 | AA26: 0 | AB26: 0 | AC26: 0 | AD26: 0 | AE26: 0 | AF26: 0 | AG26: 0 | AH26: 0 | AI26: 0 | AJ26: 0 | AK26: 0 | AL26: 0 | AM26: 0 | AN26: 0
B27: Jumlah | D27: 271 | E27: 53.88 | F27: 232 | G27: 46.12 | H27: 503 | I27: 3.91 | J27: 519 | K27: 50.14 | L27: 516 | M27: 49.86 | N27: 1035 | O27: 8.04 | P27: 1981 | Q27: 51.67 | R27: 1853 | S27: 48.33 | T27: 3834 | U27: 29.77 | V27: 2503 | W27: 52.51 | X27: 2264 | Y27: 47.49 | Z27: 4767 | AA27: 37.01 | AB27: 1249 | AC27: 45.57 | AD27: 1492 | AE27: 54.43 | AF27: 2741 | AG27: 21.28 | AH27: 0 | AI27: 0 | AJ27: 0 | AK27: 0 | AL27: 0 | AM27: 0 | AN27: 12880
B30: Negeri | C30: : | D30: 05 - NEGERI SEMBILAN
B31: Parlimen | C31: : | D31: 126 - JELEBU
B32: DUN | C32: : | D32: 03 - SUNGAI LUI
B33: Umur Pada | C33: : | D33: 46184
B34: Bil. | C34: Bangsa | D34: 18-20 Thn | J34: 21-25 Thn | P34: 26-40 Thn | V34: 41-60 Thn | AB34: 61-999 Thn | AH34: Tak Diketahui | AN34: Jumlah
D35: Lelaki | F35: Wanita | H35: Jumlah | J35: Lelaki | L35: Wanita | N35: Jumlah | P35: Lelaki | R35: Wanita | T35: Jumlah | V35: Lelaki | X35: Wanita | Z35: Jumlah | AB35: Lelaki | AD35: Wanita | AF35: Jumlah | AH35: Lelaki | AJ35: Wanita | AL35: Jumlah
D36: Bil | E36: % | F36: Bil | G36: % | H36: Bil | I36: % | J36: Bil | K36: % | L36: Bil | M36: % | N36: Bil | O36: % | P36: Bil | Q36: % | R36: Bil | S36: % | T36: Bil | U36: % | V36: Bil | W36: % | X36: Bil | Y36: % | Z36: Bil | AA36: % | AB36: Bil | AC36: % | AD36: Bil | AE36: % | AF36: Bil | AG36: % | AH36: Bil | AI36: % | AJ36: Bil | AK36: % | AL36: Bil | AM36: %
B37: 1 | C37: M - MELAYU | D37: 380 | E37: 50.46 | F37: 373 | G37: 49.54 | H37: 753 | I37: 4.5 | J37: 674 | K37: 49.89 | L37: 677 | M37: 50.11 | N37: 1351 | O37: 8.08 | P37: 3135 | Q37: 52.89 | R37: 2792 | S37: 47.11 | T37: 5927 | U37: 35.45 | V37: 2933 | W37: 51.39 | X37: 2774 | Y37: 48.61 | Z37: 5707 | AA37: 34.13 | AB37: 1239 | AC37: 41.54 | AD37: 1744 | AE37: 58.46 | AF37: 2983 | AG37: 17.84 | AH37: 0 | AI37: 0 | AJ37: 0 | AK37: 0 | AL37: 0 | AM37: 0 | AN37: 16721
B38: 2 | C38: C - CINA | D38: 29 | E38: 51.79 | F38: 27 | G38: 48.21 | H38: 56 | I38: 3.95 | J38: 67 | K38: 51.15 | L38: 64 | M38: 48.85 | N38: 131 | O38: 9.24 | P38: 269 | Q38: 55.81 | R38: 213 | S38: 44.19 | T38: 482 | U38: 34.02 | V38: 223 | W38: 58.07 | X38: 161 | Y38: 41.93 | Z38: 384 | AA38: 27.1 | AB38: 162 | AC38: 44.51 | AD38: 202 | AE38: 55.49 | AF38: 364 | AG38: 25.69 | AH38: 0 | AI38: 0 | AJ38: 0 | AK38: 0 | AL38: 0 | AM38: 0 | AN38: 1417
B39: 3 | C39: I - INDIA | D39: 31 | E39: 56.36 | F39: 24 | G39: 43.64 | H39: 55 | I39: 3.5 | J39: 71 | K39: 43.29 | L39: 93 | M39: 56.71 | N39: 164 | O39: 10.43 | P39: 241 | Q39: 47.25 | R39: 269 | S39: 52.75 | T39: 510 | U39: 32.42 | V39: 238 | W39: 50.11 | X39: 237 | Y39: 49.89 | Z39: 475 | AA39: 30.2 | AB39: 159 | AC39: 43.09 | AD39: 210 | AE39: 56.91 | AF39: 369 | AG39: 23.46 | AH39: 0 | AI39: 0 | AJ39: 0 | AK39: 0 | AL39: 0 | AM39: 0 | AN39: 1573
B40: 4 | C40: L - LAIN-LAIN | D40: 0 | E40: 0 | F40: 0 | G40: 0 | H40: 0 | I40: 0 | J40: 0 | K40: 0 | L40: 0 | M40: 0 | N40: 0 | O40: 0 | P40: 0 | Q40: 0 | R40: 0 | S40: 0 | T40: 0 | U40: 0 | V40: 0 | W40: 0 | X40: 0 | Y40: 0 | Z40: 0 | AA40: 0 | AB40: 0 | AC40: 0 | AD40: 0 | AE40: 0 | AF40: 0 | AG40: 0 | AH40: 0 | AI40: 0 | AJ40: 0 | AK40: 0 | AL40: 0 | AM40: 0 | AN40: 0
B41: Jumlah | D41: 440 | E41: 50.93 | F41: 424 | G41: 49.07 | H41: 864 | I41: 4.38 | J41: 812 | K41: 49.33 | L41: 834 | M41: 50.67 | N41: 1646 | O41: 8.35 | P41: 3645 | Q41: 52.68 | R41: 3274 | S41: 47.32 | T41: 6919 | U41: 35.1 | V41: 3394 | W41: 51.69 | X41: 3172 | Y41: 48.31 | Z41: 6566 | AA41: 33.31 | AB41: 1560 | AC41: 41.98 | AD41: 2156 | AE41: 58.02 | AF41: 3716 | AG41: 18.85 | AH41: 0 | AI41: 0 | AJ41: 0 | AK41: 0 | AL41: 0 | AM41: 0 | AN41: 19711
B44: Negeri | C44: : | D44: 05 - NEGERI SEMBILAN
B45: Parlimen | C45: : | D45: 126 - JELEBU
B46: DUN | C46: : | D46: 04 - KLAWANG
B47: Umur Pada | C47: : | D47: 46184
B48: Bil. | C48: Bangsa | D48: 18-20 Thn | J48: 21-25 Thn | P48: 26-40 Thn | V48: 41-60 Thn | AB48: 61-999 Thn | AH48: Tak Diketahui | AN48: Jumlah
D49: Lelaki | F49: Wanita | H49: Jumlah | J49: Lelaki | L49: Wanita | N49: Jumlah | P49: Lelaki | R49: Wanita | T49: Jumlah | V49: Lelaki | X49: Wanita | Z49: Jumlah | AB49: Lelaki | AD49: Wanita | AF49: Jumlah | AH49: Lelaki | AJ49: Wanita | AL49: Jumlah
D50: Bil | E50: % | F50: Bil | G50: % | H50: Bil | I50: % | J50: Bil | K50: % | L50: Bil | M50: % | N50: Bil | O50: % | P50: Bil | Q50: % | R50: Bil | S50: % | T50: Bil | U50: % | V50: Bil | W50: % | X50: Bil | Y50: % | Z50: Bil | AA50: % | AB50: Bil | AC50: % | AD50: Bil | AE50: % | AF50: Bil | AG50: % | AH50: Bil | AI50: % | AJ50: Bil | AK50: % | AL50: Bil | AM50: %
B51: 1 | C51: M - MELAYU | D51: 232 | E51: 49.15 | F51: 240 | G51: 50.85 | H51: 472 | I51: 5.22 | J51: 457 | K51: 51 | L51: 439 | M51: 49 | N51: 896 | O51: 9.91 | P51: 1508 | Q51: 51.95 | R51: 1395 | S51: 48.05 | T51: 2903 | U51: 32.1 | V51: 1358 | W51: 49.19 | X51: 1403 | Y51: 50.81 | Z51: 2761 | AA51: 30.53 | AB51: 938 | AC51: 46.62 | AD51: 1074 | AE51: 53.38 | AF51: 2012 | AG51: 22.25 | AH51: 0 | AI51: 0 | AJ51: 0 | AK51: 0 | AL51: 0 | AM51: 0 | AN51: 9044
B52: 2 | C52: C - CINA | D52: 75 | E52: 50 | F52: 75 | G52: 50 | H52: 150 | I52: 3.93 | J52: 152 | K52: 51.88 | L52: 141 | M52: 48.12 | N52: 293 | O52: 7.67 | P52: 525 | Q52: 50.29 | R52: 519 | S52: 49.71 | T52: 1044 | U52: 27.34 | V52: 714 | W52: 54.01 | X52: 608 | Y52: 45.99 | Z52: 1322 | AA52: 34.63 | AB52: 489 | AC52: 48.46 | AD52: 520 | AE52: 51.54 | AF52: 1009 | AG52: 26.43 | AH52: 0 | AI52: 0 | AJ52: 0 | AK52: 0 | AL52: 0 | AM52: 0 | AN52: 3818
B53: 3 | C53: I - INDIA | D53: 9 | E53: 52.94 | F53: 8 | G53: 47.06 | H53: 17 | I53: 3.66 | J53: 18 | K53: 56.25 | L53: 14 | M53: 43.75 | N53: 32 | O53: 6.88 | P53: 61 | Q53: 51.26 | R53: 58 | S53: 48.74 | T53: 119 | U53: 25.59 | V53: 66 | W53: 44.3 | X53: 83 | Y53: 55.7 | Z53: 149 | AA53: 32.04 | AB53: 73 | AC53: 49.32 | AD53: 75 | AE53: 50.68 | AF53: 148 | AG53: 31.83 | AH53: 0 | AI53: 0 | AJ53: 0 | AK53: 0 | AL53: 0 | AM53: 0 | AN53: 465
B54: 4 | C54: L - LAIN-LAIN | D54: 0 | E54: 0 | F54: 0 | G54: 0 | H54: 0 | I54: 0 | J54: 0 | K54: 0 | L54: 0 | M54: 0 | N54: 0 | O54: 0 | P54: 1 | Q54: 100 | R54: 0 | S54: 0 | T54: 1 | U54: 50 | V54: 0 | W54: 0 | X54: 0 | Y54: 0 | Z54: 0 | AA54: 0 | AB54: 0 | AC54: 0 | AD54: 1 | AE54: 100 | AF54: 1 | AG54: 50 | AH54: 0 | AI54: 0 | AJ54: 0 | AK54: 0 | AL54: 0 | AM54: 0 | AN54: 2
B55: Jumlah | D55: 316 | E55: 49.45 | F55: 323 | G55: 50.55 | H55: 639 | I55: 4.79 | J55: 627 | K55: 51.35 | L55: 594 | M55: 48.65 | N55: 1221 | O55: 9.16 | P55: 2095 | Q55: 51.51 | R55: 1972 | S55: 48.49 | T55: 4067 | U55: 30.51 | V55: 2138 | W55: 50.52 | X55: 2094 | Y55: 49.48 | Z55: 4232 | AA55: 31.75 | AB55: 1500 | AC55: 47.32 | AD55: 1670 | AE55: 52.68 | AF55: 3170 | AG55: 23.78 | AH55: 0 | AI55: 0 | AJ55: 0 | AK55: 0 | AL55: 0 | AM55: 0 | AN55: 13329

Sheet Jempol
B2: Negeri | C2: : | D2: 05 - NEGERI SEMBILAN
B3: Parlimen | C3: : | D3: 127 - JEMPOL
B4: DUN | C4: : | D4: 05 - SERTING
B5: Umur Pada | C5: : | D5: 46184
B6: Bil. | C6: Bangsa | D6: 18-20 Thn | J6: 21-25 Thn | P6: 26-40 Thn | V6: 41-60 Thn | AB6: 61-999 Thn | AH6: Tak Diketahui | AN6: Jumlah
D7: Lelaki | F7: Wanita | H7: Jumlah | J7: Lelaki | L7: Wanita | N7: Jumlah | P7: Lelaki | R7: Wanita | T7: Jumlah | V7: Lelaki | X7: Wanita | Z7: Jumlah | AB7: Lelaki | AD7: Wanita | AF7: Jumlah | AH7: Lelaki | AJ7: Wanita | AL7: Jumlah
D8: Bil | E8: % | F8: Bil | G8: % | H8: Bil | I8: % | J8: Bil | K8: % | L8: Bil | M8: % | N8: Bil | O8: % | P8: Bil | Q8: % | R8: Bil | S8: % | T8: Bil | U8: % | V8: Bil | W8: % | X8: Bil | Y8: % | Z8: Bil | AA8: % | AB8: Bil | AC8: % | AD8: Bil | AE8: % | AF8: Bil | AG8: % | AH8: Bil | AI8: % | AJ8: Bil | AK8: % | AL8: Bil | AM8: %
B9: 1 | C9: M - MELAYU | D9: 508 | E9: 49.56 | F9: 517 | G9: 50.44 | H9: 1025 | I9: 4.21 | J9: 1061 | K9: 50.64 | L9: 1034 | M9: 49.36 | N9: 2095 | O9: 8.61 | P9: 5293 | Q9: 49.84 | R9: 5328 | S9: 50.16 | T9: 10621 | U9: 43.67 | V9: 2850 | W9: 46.74 | X9: 3247 | Y9: 53.26 | Z9: 6097 | AA9: 25.07 | AB9: 2050 | AC9: 45.72 | AD9: 2434 | AE9: 54.28 | AF9: 4484 | AG9: 18.44 | AH9: 0 | AI9: 0 | AJ9: 0 | AK9: 0 | AL9: 0 | AM9: 0 | AN9: 24322
B10: 2 | C10: C - CINA | D10: 74 | E10: 55.64 | F10: 59 | G10: 44.36 | H10: 133 | I10: 3.46 | J10: 172 | K10: 55.13 | L10: 140 | M10: 44.87 | N10: 312 | O10: 8.11 | P10: 605 | Q10: 52.07 | R10: 557 | S10: 47.93 | T10: 1162 | U10: 30.22 | V10: 715 | W10: 57.11 | X10: 537 | Y10: 42.89 | Z10: 1252 | AA10: 32.56 | AB10: 479 | AC10: 48.58 | AD10: 507 | AE10: 51.42 | AF10: 986 | AG10: 25.64 | AH10: 0 | AI10: 0 | AJ10: 0 | AK10: 0 | AL10: 0 | AM10: 0 | AN10: 3845
B11: 3 | C11: I - INDIA | D11: 45 | E11: 48.39 | F11: 48 | G11: 51.61 | H11: 93 | I11: 3.83 | J11: 109 | K11: 49.77 | L11: 110 | M11: 50.23 | N11: 219 | O11: 9.03 | P11: 445 | Q11: 49.17 | R11: 460 | S11: 50.83 | T11: 905 | U11: 37.3 | V11: 344 | W11: 46.87 | X11: 390 | Y11: 53.13 | Z11: 734 | AA11: 30.26 | AB11: 199 | AC11: 41.89 | AD11: 276 | AE11: 58.11 | AF11: 475 | AG11: 19.58 | AH11: 0 | AI11: 0 | AJ11: 0 | AK11: 0 | AL11: 0 | AM11: 0 | AN11: 2426
B12: 4 | C12: L - LAIN-LAIN | D12: 0 | E12: 0 | F12: 0 | G12: 0 | H12: 0 | I12: 0 | J12: 0 | K12: 0 | L12: 0 | M12: 0 | N12: 0 | O12: 0 | P12: 0 | Q12: 0 | R12: 0 | S12: 0 | T12: 0 | U12: 0 | V12: 0 | W12: 0 | X12: 0 | Y12: 0 | Z12: 0 | AA12: 0 | AB12: 0 | AC12: 0 | AD12: 0 | AE12: 0 | AF12: 0 | AG12: 0 | AH12: 0 | AI12: 0 | AJ12: 0 | AK12: 0 | AL12: 0 | AM12: 0 | AN12: 0
B13: Jumlah | D13: 627 | E13: 50.12 | F13: 624 | G13: 49.88 | H13: 1251 | I13: 4.09 | J13: 1342 | K13: 51.1 | L13: 1284 | M13: 48.9 | N13: 2626 | O13: 8.58 | P13: 6343 | Q13: 49.99 | R13: 6345 | S13: 50.01 | T13: 12688 | U13: 41.47 | V13: 3909 | W13: 48.36 | X13: 4174 | Y13: 51.64 | Z13: 8083 | AA13: 26.42 | AB13: 2728 | AC13: 45.89 | AD13: 3217 | AE13: 54.11 | AF13: 5945 | AG13: 19.43 | AH13: 0 | AI13: 0 | AJ13: 0 | AK13: 0 | AL13: 0 | AM13: 0 | AN13: 30593
B16: Negeri | C16: : | D16: 05 - NEGERI SEMBILAN
B17: Parlimen | C17: : | D17: 127 - JEMPOL
B18: DUN | C18: : | D18: 06 - PALONG
B19: Umur Pada | C19: : | D19: 46184
B20: Bil. | C20: Bangsa | D20: 18-20 Thn | J20: 21-25 Thn | P20: 26-40 Thn | V20: 41-60 Thn | AB20: 61-999 Thn | AH20: Tak Diketahui | AN20: Jumlah
D21: Lelaki | F21: Wanita | H21: Jumlah | J21: Lelaki | L21: Wanita | N21: Jumlah | P21: Lelaki | R21: Wanita | T21: Jumlah | V21: Lelaki | X21: Wanita | Z21: Jumlah | AB21: Lelaki | AD21: Wanita | AF21: Jumlah | AH21: Lelaki | AJ21: Wanita | AL21: Jumlah
D22: Bil | E22: % | F22: Bil | G22: % | H22: Bil | I22: % | J22: Bil | K22: % | L22: Bil | M22: % | N22: Bil | O22: % | P22: Bil | Q22: % | R22: Bil | S22: % | T22: Bil | U22: % | V22: Bil | W22: % | X22: Bil | Y22: % | Z22: Bil | AA22: % | AB22: Bil | AC22: % | AD22: Bil | AE22: % | AF22: Bil | AG22: % | AH22: Bil | AI22: % | AJ22: Bil | AK22: % | AL22: Bil | AM22: %
B23: 1 | C23: M - MELAYU | D23: 423 | E23: 51.59 | F23: 397 | G23: 48.41 | H23: 820 | I23: 3.75 | J23: 719 | K23: 50.39 | L23: 708 | M23: 49.61 | N23: 1427 | O23: 6.52 | P23: 4179 | Q23: 49.76 | R23: 4219 | S23: 50.24 | T23: 8398 | U23: 38.36 | V23: 3297 | W23: 50.45 | X23: 3238 | Y23: 49.55 | Z23: 6535 | AA23: 29.85 | AB23: 2002 | AC23: 42.5 | AD23: 2709 | AE23: 57.5 | AF23: 4711 | AG23: 21.52 | AH23: 0 | AI23: 0 | AJ23: 0 | AK23: 0 | AL23: 0 | AM23: 0 | AN23: 21891
B24: 2 | C24: C - CINA | D24: 23 | E24: 63.89 | F24: 13 | G24: 36.11 | H24: 36 | I24: 7.95 | J24: 28 | K24: 50 | L24: 28 | M24: 50 | N24: 56 | O24: 12.36 | P24: 44 | Q24: 47.31 | R24: 49 | S24: 52.69 | T24: 93 | U24: 20.53 | V24: 97 | W24: 62.58 | X24: 58 | Y24: 37.42 | Z24: 155 | AA24: 34.22 | AB24: 42 | AC24: 37.17 | AD24: 71 | AE24: 62.83 | AF24: 113 | AG24: 24.94 | AH24: 0 | AI24: 0 | AJ24: 0 | AK24: 0 | AL24: 0 | AM24: 0 | AN24: 453
B25: 3 | C25: I - INDIA | D25: 28 | E25: 50 | F25: 28 | G25: 50 | H25: 56 | I25: 4.65 | J25: 47 | K25: 42.34 | L25: 64 | M25: 57.66 | N25: 111 | O25: 9.22 | P25: 164 | Q25: 50.93 | R25: 158 | S25: 49.07 | T25: 322 | U25: 26.74 | V25: 215 | W25: 47.78 | X25: 235 | Y25: 52.22 | Z25: 450 | AA25: 37.38 | AB25: 88 | AC25: 33.21 | AD25: 177 | AE25: 66.79 | AF25: 265 | AG25: 22.01 | AH25: 0 | AI25: 0 | AJ25: 0 | AK25: 0 | AL25: 0 | AM25: 0 | AN25: 1204
B26: 4 | C26: L - LAIN-LAIN | D26: 0 | E26: 0 | F26: 0 | G26: 0 | H26: 0 | I26: 0 | J26: 0 | K26: 0 | L26: 0 | M26: 0 | N26: 0 | O26: 0 | P26: 0 | Q26: 0 | R26: 0 | S26: 0 | T26: 0 | U26: 0 | V26: 0 | W26: 0 | X26: 0 | Y26: 0 | Z26: 0 | AA26: 0 | AB26: 0 | AC26: 0 | AD26: 0 | AE26: 0 | AF26: 0 | AG26: 0 | AH26: 0 | AI26: 0 | AJ26: 0 | AK26: 0 | AL26: 0 | AM26: 0 | AN26: 0
B27: Jumlah | D27: 474 | E27: 51.97 | F27: 438 | G27: 48.03 | H27: 912 | I27: 3.87 | J27: 794 | K27: 49.81 | L27: 800 | M27: 50.19 | N27: 1594 | O27: 6.77 | P27: 4387 | Q27: 49.78 | R27: 4426 | S27: 50.22 | T27: 8813 | U27: 37.43 | V27: 3609 | W27: 50.55 | X27: 3531 | Y27: 49.45 | Z27: 7140 | AA27: 30.32 | AB27: 2132 | AC27: 41.89 | AD27: 2957 | AE27: 58.11 | AF27: 5089 | AG27: 21.61 | AH27: 0 | AI27: 0 | AJ27: 0 | AK27: 0 | AL27: 0 | AM27: 0 | AN27: 23548
B30: Negeri | C30: : | D30: 05 - NEGERI SEMBILAN
B31: Parlimen | C31: : | D31: 127 - JEMPOL
B32: DUN | C32: : | D32: 07 - JERAM PADANG
B33: Umur Pada | C33: : | D33: 46184
B34: Bil. | C34: Bangsa | D34: 18-20 Thn | J34: 21-25 Thn | P34: 26-40 Thn | V34: 41-60 Thn | AB34: 61-999 Thn | AH34: Tak Diketahui | AN34: Jumlah
D35: Lelaki | F35: Wanita | H35: Jumlah | J35: Lelaki | L35: Wanita | N35: Jumlah | P35: Lelaki | R35: Wanita | T35: Jumlah | V35: Lelaki | X35: Wanita | Z35: Jumlah | AB35: Lelaki | AD35: Wanita | AF35: Jumlah | AH35: Lelaki | AJ35: Wanita | AL35: Jumlah
D36: Bil | E36: % | F36: Bil | G36: % | H36: Bil | I36: % | J36: Bil | K36: % | L36: Bil | M36: % | N36: Bil | O36: % | P36: Bil | Q36: % | R36: Bil | S36: % | T36: Bil | U36: % | V36: Bil | W36: % | X36: Bil | Y36: % | Z36: Bil | AA36: % | AB36: Bil | AC36: % | AD36: Bil | AE36: % | AF36: Bil | AG36: % | AH36: Bil | AI36: % | AJ36: Bil | AK36: % | AL36: Bil | AM36: %
B37: 1 | C37: M - MELAYU | D37: 267 | E37: 49.17 | F37: 276 | G37: 50.83 | H37: 543 | I37: 5.7 | J37: 497 | K37: 49.4 | L37: 509 | M37: 50.6 | N37: 1006 | O37: 10.57 | P37: 1549 | Q37: 48.63 | R37: 1636 | S37: 51.37 | T37: 3185 | U37: 33.46 | V37: 1552 | W37: 48.42 | X37: 1653 | Y37: 51.58 | Z37: 3205 | AA37: 33.67 | AB37: 702 | AC37: 44.46 | AD37: 877 | AE37: 55.54 | AF37: 1579 | AG37: 16.59 | AH37: 0 | AI37: 0 | AJ37: 0 | AK37: 0 | AL37: 0 | AM37: 0 | AN37: 9518
B38: 2 | C38: C - CINA | D38: 52 | E38: 55.91 | F38: 41 | G38: 44.09 | H38: 93 | I38: 5.48 | J38: 84 | K38: 46.93 | L38: 95 | M38: 53.07 | N38: 179 | O38: 10.55 | P38: 220 | Q38: 52.51 | R38: 199 | S38: 47.49 | T38: 419 | U38: 24.71 | V38: 302 | W38: 56.34 | X38: 234 | Y38: 43.66 | Z38: 536 | AA38: 31.6 | AB38: 210 | AC38: 44.78 | AD38: 259 | AE38: 55.22 | AF38: 469 | AG38: 27.65 | AH38: 0 | AI38: 0 | AJ38: 0 | AK38: 0 | AL38: 0 | AM38: 0 | AN38: 1696
B39: 3 | C39: I - INDIA | D39: 138 | E39: 55.65 | F39: 110 | G39: 44.35 | H39: 248 | I39: 4.66 | J39: 246 | K39: 50 | L39: 246 | M39: 50 | N39: 492 | O39: 9.24 | P39: 846 | Q39: 50.54 | R39: 828 | S39: 49.46 | T39: 1674 | U39: 31.44 | V39: 841 | W39: 46.93 | X39: 951 | Y39: 53.07 | Z39: 1792 | AA39: 33.66 | AB39: 432 | AC39: 38.64 | AD39: 686 | AE39: 61.36 | AF39: 1118 | AG39: 21 | AH39: 0 | AI39: 0 | AJ39: 0 | AK39: 0 | AL39: 0 | AM39: 0 | AN39: 5324
B40: 4 | C40: L - LAIN-LAIN | D40: 0 | E40: 0 | F40: 0 | G40: 0 | H40: 0 | I40: 0 | J40: 0 | K40: 0 | L40: 0 | M40: 0 | N40: 0 | O40: 0 | P40: 0 | Q40: 0 | R40: 0 | S40: 0 | T40: 0 | U40: 0 | V40: 0 | W40: 0 | X40: 1 | Y40: 100 | Z40: 1 | AA40: 100 | AB40: 0 | AC40: 0 | AD40: 0 | AE40: 0 | AF40: 0 | AG40: 0 | AH40: 0 | AI40: 0 | AJ40: 0 | AK40: 0 | AL40: 0 | AM40: 0 | AN40: 1
B41: Jumlah | D41: 457 | E41: 51.7 | F41: 427 | G41: 48.3 | H41: 884 | I41: 5.34 | J41: 827 | K41: 49.31 | L41: 850 | M41: 50.69 | N41: 1677 | O41: 10.14 | P41: 2615 | Q41: 49.55 | R41: 2663 | S41: 50.45 | T41: 5278 | U41: 31.91 | V41: 2695 | W41: 48.7 | X41: 2839 | Y41: 51.3 | Z41: 5534 | AA41: 33.46 | AB41: 1344 | AC41: 42.45 | AD41: 1822 | AE41: 57.55 | AF41: 3166 | AG41: 19.14 | AH41: 0 | AI41: 0 | AJ41: 0 | AK41: 0 | AL41: 0 | AM41: 0 | AN41: 16539
B44: Negeri | C44: : | D44: 05 - NEGERI SEMBILAN
B45: Parlimen | C45: : | D45: 127 - JEMPOL
B46: DUN | C46: : | D46: 08 - BAHAU
B47: Umur Pada | C47: : | D47: 46184
B48: Bil. | C48: Bangsa | D48: 18-20 Thn | J48: 21-25 Thn | P48: 26-40 Thn | V48: 41-60 Thn | AB48: 61-999 Thn | AH48: Tak Diketahui | AN48: Jumlah
D49: Lelaki | F49: Wanita | H49: Jumlah | J49: Lelaki | L49: Wanita | N49: Jumlah | P49: Lelaki | R49: Wanita | T49: Jumlah | V49: Lelaki | X49: Wanita | Z49: Jumlah | AB49: Lelaki | AD49: Wanita | AF49: Jumlah | AH49: Lelaki | AJ49: Wanita | AL49: Jumlah
D50: Bil | E50: % | F50: Bil | G50: % | H50: Bil | I50: % | J50: Bil | K50: % | L50: Bil | M50: % | N50: Bil | O50: % | P50: Bil | Q50: % | R50: Bil | S50: % | T50: Bil | U50: % | V50: Bil | W50: % | X50: Bil | Y50: % | Z50: Bil | AA50: % | AB50: Bil | AC50: % | AD50: Bil | AE50: % | AF50: Bil | AG50: % | AH50: Bil | AI50: % | AJ50: Bil | AK50: % | AL50: Bil | AM50: %
B51: 1 | C51: M - MELAYU | D51: 247 | E51: 49.9 | F51: 248 | G51: 50.1 | H51: 495 | I51: 6.03 | J51: 488 | K51: 50.21 | L51: 484 | M51: 49.79 | N51: 972 | O51: 11.84 | P51: 1371 | Q51: 48.07 | R51: 1481 | S51: 51.93 | T51: 2852 | U51: 34.74 | V51: 1204 | W51: 48.61 | X51: 1273 | Y51: 51.39 | Z51: 2477 | AA51: 30.17 | AB51: 605 | AC51: 42.82 | AD51: 808 | AE51: 57.18 | AF51: 1413 | AG51: 17.21 | AH51: 0 | AI51: 0 | AJ51: 0 | AK51: 0 | AL51: 0 | AM51: 0 | AN51: 8209
B52: 2 | C52: C - CINA | D52: 272 | E52: 50.65 | F52: 265 | G52: 49.35 | H52: 537 | I52: 3.55 | J52: 538 | K52: 50.75 | L52: 522 | M52: 49.25 | N52: 1060 | O52: 7.01 | P52: 2132 | Q52: 52.04 | R52: 1965 | S52: 47.96 | T52: 4097 | U52: 27.09 | V52: 2588 | W52: 51.62 | X52: 2426 | Y52: 48.38 | Z52: 5014 | AA52: 33.16 | AB52: 2093 | AC52: 47.42 | AD52: 2321 | AE52: 52.58 | AF52: 4414 | AG52: 29.19 | AH52: 0 | AI52: 0 | AJ52: 0 | AK52: 0 | AL52: 0 | AM52: 0 | AN52: 15122
B53: 3 | C53: I - INDIA | D53: 67 | E53: 47.52 | F53: 74 | G53: 52.48 | H53: 141 | I53: 5.38 | J53: 161 | K53: 50.16 | L53: 160 | M53: 49.84 | N53: 321 | O53: 12.25 | P53: 519 | Q53: 50.44 | R53: 510 | S53: 49.56 | T53: 1029 | U53: 39.27 | V53: 377 | W53: 50.07 | X53: 376 | Y53: 49.93 | Z53: 753 | AA53: 28.74 | AB53: 178 | AC53: 47.34 | AD53: 198 | AE53: 52.66 | AF53: 376 | AG53: 14.35 | AH53: 0 | AI53: 0 | AJ53: 0 | AK53: 0 | AL53: 0 | AM53: 0 | AN53: 2620
B54: 4 | C54: L - LAIN-LAIN | D54: 0 | E54: 0 | F54: 0 | G54: 0 | H54: 0 | I54: 0 | J54: 0 | K54: 0 | L54: 0 | M54: 0 | N54: 0 | O54: 0 | P54: 0 | Q54: 0 | R54: 0 | S54: 0 | T54: 0 | U54: 0 | V54: 0 | W54: 0 | X54: 0 | Y54: 0 | Z54: 0 | AA54: 0 | AB54: 0 | AC54: 0 | AD54: 0 | AE54: 0 | AF54: 0 | AG54: 0 | AH54: 0 | AI54: 0 | AJ54: 0 | AK54: 0 | AL54: 0 | AM54: 0 | AN54: 0
B55: Jumlah | D55: 586 | E55: 49.96 | F55: 587 | G55: 50.04 | H55: 1173 | I55: 4.52 | J55: 1187 | K55: 50.45 | L55: 1166 | M55: 49.55 | N55: 2353 | O55: 9.07 | P55: 4022 | Q55: 50.41 | R55: 3956 | S55: 49.59 | T55: 7978 | U55: 30.74 | V55: 4169 | W55: 50.57 | X55: 4075 | Y55: 49.43 | Z55: 8244 | AA55: 31.77 | AB55: 2876 | AC55: 46.36 | AD55: 3327 | AE55: 53.64 | AF55: 6203 | AG55: 23.9 | AH55: 0 | AI55: 0 | AJ55: 0 | AK55: 0 | AL55: 0 | AM55: 0 | AN55: 25951

Sheet Seremban
B2: Negeri | C2: : | D2: 05 - NEGERI SEMBILAN
B3: Parlimen | C3: : | D3: 128 - SEREMBAN
B4: DUN | C4: : | D4: 09 - LENGGENG
B5: Umur Pada | C5: : | D5: 46184
B6: Bil. | C6: Bangsa | D6: 18-20 Thn | J6: 21-25 Thn | P6: 26-40 Thn | V6: 41-60 Thn | AB6: 61-999 Thn | AH6: Tak Diketahui | AN6: Jumlah
D7: Lelaki | F7: Wanita | H7: Jumlah | J7: Lelaki | L7: Wanita | N7: Jumlah | P7: Lelaki | R7: Wanita | T7: Jumlah | V7: Lelaki | X7: Wanita | Z7: Jumlah | AB7: Lelaki | AD7: Wanita | AF7: Jumlah | AH7: Lelaki | AJ7: Wanita | AL7: Jumlah
D8: Bil | E8: % | F8: Bil | G8: % | H8: Bil | I8: % | J8: Bil | K8: % | L8: Bil | M8: % | N8: Bil | O8: % | P8: Bil | Q8: % | R8: Bil | S8: % | T8: Bil | U8: % | V8: Bil | W8: % | X8: Bil | Y8: % | Z8: Bil | AA8: % | AB8: Bil | AC8: % | AD8: Bil | AE8: % | AF8: Bil | AG8: % | AH8: Bil | AI8: % | AJ8: Bil | AK8: % | AL8: Bil | AM8: %
B9: 1 | C9: M - MELAYU | D9: 624 | E9: 50.53 | F9: 611 | G9: 49.47 | H9: 1235 | I9: 5.41 | J9: 1390 | K9: 50.18 | L9: 1380 | M9: 49.82 | N9: 2770 | O9: 12.14 | P9: 4197 | Q9: 49.9 | R9: 4213 | S9: 50.1 | T9: 8410 | U9: 36.86 | V9: 3076 | W9: 47.62 | X9: 3384 | Y9: 52.38 | Z9: 6460 | AA9: 28.32 | AB9: 1843 | AC9: 46.79 | AD9: 2096 | AE9: 53.21 | AF9: 3939 | AG9: 17.27 | AH9: 0 | AI9: 0 | AJ9: 0 | AK9: 0 | AL9: 0 | AM9: 0 | AN9: 22814
B10: 2 | C10: C - CINA | D10: 88 | E10: 50 | F10: 88 | G10: 50 | H10: 176 | I10: 3.95 | J10: 189 | K10: 49.22 | L10: 195 | M10: 50.78 | N10: 384 | O10: 8.62 | P10: 636 | Q10: 54.5 | R10: 531 | S10: 45.5 | T10: 1167 | U10: 26.18 | V10: 843 | W10: 53.39 | X10: 736 | Y10: 46.61 | Z10: 1579 | AA10: 35.43 | AB10: 556 | AC10: 48.31 | AD10: 595 | AE10: 51.69 | AF10: 1151 | AG10: 25.82 | AH10: 0 | AI10: 0 | AJ10: 0 | AK10: 0 | AL10: 0 | AM10: 0 | AN10: 4457
B11: 3 | C11: I - INDIA | D11: 30 | E11: 53.57 | F11: 26 | G11: 46.43 | H11: 56 | I11: 4 | J11: 53 | K11: 46.09 | L11: 62 | M11: 53.91 | N11: 115 | O11: 8.21 | P11: 197 | Q11: 48.05 | R11: 213 | S11: 51.95 | T11: 410 | U11: 29.29 | V11: 234 | W11: 47.66 | X11: 257 | Y11: 52.34 | Z11: 491 | AA11: 35.07 | AB11: 146 | AC11: 44.51 | AD11: 182 | AE11: 55.49 | AF11: 328 | AG11: 23.43 | AH11: 0 | AI11: 0 | AJ11: 0 | AK11: 0 | AL11: 0 | AM11: 0 | AN11: 1400
B12: 4 | C12: L - LAIN-LAIN | D12: 0 | E12: 0 | F12: 0 | G12: 0 | H12: 0 | I12: 0 | J12: 0 | K12: 0 | L12: 0 | M12: 0 | N12: 0 | O12: 0 | P12: 0 | Q12: 0 | R12: 0 | S12: 0 | T12: 0 | U12: 0 | V12: 0 | W12: 0 | X12: 0 | Y12: 0 | Z12: 0 | AA12: 0 | AB12: 0 | AC12: 0 | AD12: 0 | AE12: 0 | AF12: 0 | AG12: 0 | AH12: 0 | AI12: 0 | AJ12: 0 | AK12: 0 | AL12: 0 | AM12: 0 | AN12: 0
B13: Jumlah | D13: 742 | E13: 50.58 | F13: 725 | G13: 49.42 | H13: 1467 | I13: 5.12 | J13: 1632 | K13: 49.92 | L13: 1637 | M13: 50.08 | N13: 3269 | O13: 11.4 | P13: 5030 | Q13: 50.37 | R13: 4957 | S13: 49.63 | T13: 9987 | U13: 34.83 | V13: 4153 | W13: 48.69 | X13: 4377 | Y13: 51.31 | Z13: 8530 | AA13: 29.75 | AB13: 2545 | AC13: 46.97 | AD13: 2873 | AE13: 53.03 | AF13: 5418 | AG13: 18.9 | AH13: 0 | AI13: 0 | AJ13: 0 | AK13: 0 | AL13: 0 | AM13: 0 | AN13: 28671
B16: Negeri | C16: : | D16: 05 - NEGERI SEMBILAN
B17: Parlimen | C17: : | D17: 128 - SEREMBAN
B18: DUN | C18: : | D18: 10 - NILAI
B19: Umur Pada | C19: : | D19: 46184
B20: Bil. | C20: Bangsa | D20: 18-20 Thn | J20: 21-25 Thn | P20: 26-40 Thn | V20: 41-60 Thn | AB20: 61-999 Thn | AH20: Tak Diketahui | AN20: Jumlah
D21: Lelaki | F21: Wanita | H21: Jumlah | J21: Lelaki | L21: Wanita | N21: Jumlah | P21: Lelaki | R21: Wanita | T21: Jumlah | V21: Lelaki | X21: Wanita | Z21: Jumlah | AB21: Lelaki | AD21: Wanita | AF21: Jumlah | AH21: Lelaki | AJ21: Wanita | AL21: Jumlah
D22: Bil | E22: % | F22: Bil | G22: % | H22: Bil | I22: % | J22: Bil | K22: % | L22: Bil | M22: % | N22: Bil | O22: % | P22: Bil | Q22: % | R22: Bil | S22: % | T22: Bil | U22: % | V22: Bil | W22: % | X22: Bil | Y22: % | Z22: Bil | AA22: % | AB22: Bil | AC22: % | AD22: Bil | AE22: % | AF22: Bil | AG22: % | AH22: Bil | AI22: % | AJ22: Bil | AK22: % | AL22: Bil | AM22: %
B23: 1 | C23: M - MELAYU | D23: 1252 | E23: 51.8 | F23: 1165 | G23: 48.2 | H23: 2417 | I23: 10.88 | J23: 2185 | K23: 52.5 | L23: 1977 | M23: 47.5 | N23: 4162 | O23: 18.74 | P23: 4082 | Q23: 51.22 | R23: 3887 | S23: 48.78 | T23: 7969 | U23: 35.88 | V23: 2844 | W23: 50.22 | X23: 2819 | Y23: 49.78 | Z23: 5663 | AA23: 25.49 | AB23: 997 | AC23: 49.8 | AD23: 1005 | AE23: 50.2 | AF23: 2002 | AG23: 9.01 | AH23: 0 | AI23: 0 | AJ23: 0 | AK23: 0 | AL23: 0 | AM23: 0 | AN23: 22213
B24: 2 | C24: C - CINA | D24: 381 | E24: 54.04 | F24: 324 | G24: 45.96 | H24: 705 | I24: 4.91 | J24: 681 | K24: 50.78 | L24: 660 | M24: 49.22 | N24: 1341 | O24: 9.34 | P24: 1997 | Q24: 53.07 | R24: 1766 | S24: 46.93 | T24: 3763 | U24: 26.22 | V24: 2626 | W24: 52.06 | X24: 2418 | Y24: 47.94 | Z24: 5044 | AA24: 35.15 | AB24: 1727 | AC24: 49.39 | AD24: 1770 | AE24: 50.61 | AF24: 3497 | AG24: 24.37 | AH24: 0 | AI24: 0 | AJ24: 0 | AK24: 0 | AL24: 0 | AM24: 0 | AN24: 14350
B25: 3 | C25: I - INDIA | D25: 269 | E25: 52.44 | F25: 244 | G25: 47.56 | H25: 513 | I25: 5.75 | J25: 552 | K25: 51.21 | L25: 526 | M25: 48.79 | N25: 1078 | O25: 12.09 | P25: 1481 | Q25: 48.59 | R25: 1567 | S25: 51.41 | T25: 3048 | U25: 34.18 | V25: 1456 | W25: 48.86 | X25: 1524 | Y25: 51.14 | Z25: 2980 | AA25: 33.42 | AB25: 574 | AC25: 44.19 | AD25: 725 | AE25: 55.81 | AF25: 1299 | AG25: 14.57 | AH25: 0 | AI25: 0 | AJ25: 0 | AK25: 0 | AL25: 0 | AM25: 0 | AN25: 8918
B26: 4 | C26: L - LAIN-LAIN | D26: 0 | E26: 0 | F26: 0 | G26: 0 | H26: 0 | I26: 0 | J26: 1 | K26: 100 | L26: 0 | M26: 0 | N26: 1 | O26: 16.67 | P26: 2 | Q26: 66.67 | R26: 1 | S26: 33.33 | T26: 3 | U26: 50 | V26: 0 | W26: 0 | X26: 1 | Y26: 100 | Z26: 1 | AA26: 16.67 | AB26: 0 | AC26: 0 | AD26: 1 | AE26: 100 | AF26: 1 | AG26: 16.67 | AH26: 0 | AI26: 0 | AJ26: 0 | AK26: 0 | AL26: 0 | AM26: 0 | AN26: 6
B27: Jumlah | D27: 1902 | E27: 52.32 | F27: 1733 | G27: 47.68 | H27: 3635 | I27: 7.99 | J27: 3419 | K27: 51.94 | L27: 3163 | M27: 48.06 | N27: 6582 | O27: 14.47 | P27: 7562 | Q27: 51.15 | R27: 7221 | S27: 48.85 | T27: 14783 | U27: 32.5 | V27: 6926 | W27: 50.6 | X27: 6762 | Y27: 49.4 | Z27: 13688 | AA27: 30.09 | AB27: 3298 | AC27: 48.51 | AD27: 3501 | AE27: 51.49 | AF27: 6799 | AG27: 14.95 | AH27: 0 | AI27: 0 | AJ27: 0 | AK27: 0 | AL27: 0 | AM27: 0 | AN27: 45487
B30: Negeri | C30: : | D30: 05 - NEGERI SEMBILAN
B31: Parlimen | C31: : | D31: 128 - SEREMBAN
B32: DUN | C32: : | D32: 11 - LOBAK
B33: Umur Pada | C33: : | D33: 46184
B34: Bil. | C34: Bangsa | D34: 18-20 Thn | J34: 21-25 Thn | P34: 26-40 Thn | V34: 41-60 Thn | AB34: 61-999 Thn | AH34: Tak Diketahui | AN34: Jumlah
D35: Lelaki | F35: Wanita | H35: Jumlah | J35: Lelaki | L35: Wanita | N35: Jumlah | P35: Lelaki | R35: Wanita | T35: Jumlah | V35: Lelaki | X35: Wanita | Z35: Jumlah | AB35: Lelaki | AD35: Wanita | AF35: Jumlah | AH35: Lelaki | AJ35: Wanita | AL35: Jumlah
D36: Bil | E36: % | F36: Bil | G36: % | H36: Bil | I36: % | J36: Bil | K36: % | L36: Bil | M36: % | N36: Bil | O36: % | P36: Bil | Q36: % | R36: Bil | S36: % | T36: Bil | U36: % | V36: Bil | W36: % | X36: Bil | Y36: % | Z36: Bil | AA36: % | AB36: Bil | AC36: % | AD36: Bil | AE36: % | AF36: Bil | AG36: % | AH36: Bil | AI36: % | AJ36: Bil | AK36: % | AL36: Bil | AM36: %
B37: 1 | C37: M - MELAYU | D37: 37 | E37: 49.33 | F37: 38 | G37: 50.67 | H37: 75 | I37: 4.82 | J37: 72 | K37: 43.64 | L37: 93 | M37: 56.36 | N37: 165 | O37: 10.61 | P37: 251 | Q37: 46.4 | R37: 290 | S37: 53.6 | T37: 541 | U37: 34.79 | V37: 258 | W37: 48.22 | X37: 277 | Y37: 51.78 | Z37: 535 | AA37: 34.41 | AB37: 107 | AC37: 44.77 | AD37: 132 | AE37: 55.23 | AF37: 239 | AG37: 15.37 | AH37: 0 | AI37: 0 | AJ37: 0 | AK37: 0 | AL37: 0 | AM37: 0 | AN37: 1555
B38: 2 | C38: C - CINA | D38: 223 | E38: 51.03 | F38: 214 | G38: 48.97 | H38: 437 | I38: 2.6 | J38: 482 | K38: 50.42 | L38: 474 | M38: 49.58 | N38: 956 | O38: 5.69 | P38: 1964 | Q38: 51.39 | R38: 1858 | S38: 48.61 | T38: 3822 | U38: 22.76 | V38: 2991 | W38: 51.4 | X38: 2828 | Y38: 48.6 | Z38: 5819 | AA38: 34.65 | AB38: 2524 | AC38: 43.83 | AD38: 3235 | AE38: 56.17 | AF38: 5759 | AG38: 34.29 | AH38: 0 | AI38: 0 | AJ38: 0 | AK38: 0 | AL38: 0 | AM38: 0 | AN38: 16793
B39: 3 | C39: I - INDIA | D39: 94 | E39: 49.21 | F39: 97 | G39: 50.79 | H39: 191 | I39: 3.99 | J39: 177 | K39: 47.71 | L39: 194 | M39: 52.29 | N39: 371 | O39: 7.75 | P39: 719 | Q39: 50.24 | R39: 712 | S39: 49.76 | T39: 1431 | U39: 29.88 | V39: 766 | W39: 44.69 | X39: 948 | Y39: 55.31 | Z39: 1714 | AA39: 35.79 | AB39: 431 | AC39: 39.83 | AD39: 651 | AE39: 60.17 | AF39: 1082 | AG39: 22.59 | AH39: 0 | AI39: 0 | AJ39: 0 | AK39: 0 | AL39: 0 | AM39: 0 | AN39: 4789
B40: 4 | C40: L - LAIN-LAIN | D40: 0 | E40: 0 | F40: 0 | G40: 0 | H40: 0 | I40: 0 | J40: 0 | K40: 0 | L40: 0 | M40: 0 | N40: 0 | O40: 0 | P40: 3 | Q40: 100 | R40: 0 | S40: 0 | T40: 3 | U40: 75 | V40: 0 | W40: 0 | X40: 1 | Y40: 100 | Z40: 1 | AA40: 25 | AB40: 0 | AC40: 0 | AD40: 0 | AE40: 0 | AF40: 0 | AG40: 0 | AH40: 0 | AI40: 0 | AJ40: 0 | AK40: 0 | AL40: 0 | AM40: 0 | AN40: 4
B41: Jumlah | D41: 354 | E41: 50.36 | F41: 349 | G41: 49.64 | H41: 703 | I41: 3.04 | J41: 731 | K41: 48.99 | L41: 761 | M41: 51.01 | N41: 1492 | O41: 6.45 | P41: 2937 | Q41: 50.66 | R41: 2860 | S41: 49.34 | T41: 5797 | U41: 25.05 | V41: 4015 | W41: 49.76 | X41: 4054 | Y41: 50.24 | Z41: 8069 | AA41: 34.87 | AB41: 3062 | AC41: 43.25 | AD41: 4018 | AE41: 56.75 | AF41: 7080 | AG41: 30.6 | AH41: 0 | AI41: 0 | AJ41: 0 | AK41: 0 | AL41: 0 | AM41: 0 | AN41: 23141
B44: Negeri | C44: : | D44: 05 - NEGERI SEMBILAN
B45: Parlimen | C45: : | D45: 128 - SEREMBAN
B46: DUN | C46: : | D46: 12 - TEMIANG
B47: Umur Pada | C47: : | D47: 46184
B48: Bil. | C48: Bangsa | D48: 18-20 Thn | J48: 21-25 Thn | P48: 26-40 Thn | V48: 41-60 Thn | AB48: 61-999 Thn | AH48: Tak Diketahui | AN48: Jumlah
D49: Lelaki | F49: Wanita | H49: Jumlah | J49: Lelaki | L49: Wanita | N49: Jumlah | P49: Lelaki | R49: Wanita | T49: Jumlah | V49: Lelaki | X49: Wanita | Z49: Jumlah | AB49: Lelaki | AD49: Wanita | AF49: Jumlah | AH49: Lelaki | AJ49: Wanita | AL49: Jumlah
D50: Bil | E50: % | F50: Bil | G50: % | H50: Bil | I50: % | J50: Bil | K50: % | L50: Bil | M50: % | N50: Bil | O50: % | P50: Bil | Q50: % | R50: Bil | S50: % | T50: Bil | U50: % | V50: Bil | W50: % | X50: Bil | Y50: % | Z50: Bil | AA50: % | AB50: Bil | AC50: % | AD50: Bil | AE50: % | AF50: Bil | AG50: % | AH50: Bil | AI50: % | AJ50: Bil | AK50: % | AL50: Bil | AM50: %
B51: 1 | C51: M - MELAYU | D51: 145 | E51: 54.51 | F51: 121 | G51: 45.49 | H51: 266 | I51: 4.86 | J51: 249 | K51: 55.33 | L51: 201 | M51: 44.67 | N51: 450 | O51: 8.22 | P51: 1314 | Q51: 63.29 | R51: 762 | S51: 36.71 | T51: 2076 | U51: 37.93 | V51: 985 | W51: 55.87 | X51: 778 | Y51: 44.13 | Z51: 1763 | AA51: 32.21 | AB51: 443 | AC51: 48.26 | AD51: 475 | AE51: 51.74 | AF51: 918 | AG51: 16.77 | AH51: 0 | AI51: 0 | AJ51: 0 | AK51: 0 | AL51: 0 | AM51: 0 | AN51: 5473
B52: 2 | C52: C - CINA | D52: 85 | E52: 60.71 | F52: 55 | G52: 39.29 | H52: 140 | I52: 2.41 | J52: 128 | K52: 47.94 | L52: 139 | M52: 52.06 | N52: 267 | O52: 4.6 | P52: 554 | Q52: 55.46 | R52: 445 | S52: 44.54 | T52: 999 | U52: 17.22 | V52: 936 | W52: 50.98 | X52: 900 | Y52: 49.02 | Z52: 1836 | AA52: 31.66 | AB52: 1171 | AC52: 45.78 | AD52: 1387 | AE52: 54.22 | AF52: 2558 | AG52: 44.1 | AH52: 0 | AI52: 0 | AJ52: 0 | AK52: 0 | AL52: 0 | AM52: 0 | AN52: 5800
B53: 3 | C53: I - INDIA | D53: 24 | E53: 47.06 | F53: 27 | G53: 52.94 | H53: 51 | I53: 3.01 | J53: 41 | K53: 42.71 | L53: 55 | M53: 57.29 | N53: 96 | O53: 5.66 | P53: 217 | Q53: 45.3 | R53: 262 | S53: 54.7 | T53: 479 | U53: 28.26 | V53: 308 | W53: 49.68 | X53: 312 | Y53: 50.32 | Z53: 620 | AA53: 36.58 | AB53: 198 | AC53: 44.1 | AD53: 251 | AE53: 55.9 | AF53: 449 | AG53: 26.49 | AH53: 0 | AI53: 0 | AJ53: 0 | AK53: 0 | AL53: 0 | AM53: 0 | AN53: 1695
B54: 4 | C54: L - LAIN-LAIN | D54: 0 | E54: 0 | F54: 0 | G54: 0 | H54: 0 | I54: 0 | J54: 0 | K54: 0 | L54: 0 | M54: 0 | N54: 0 | O54: 0 | P54: 0 | Q54: 0 | R54: 0 | S54: 0 | T54: 0 | U54: 0 | V54: 3 | W54: 60 | X54: 2 | Y54: 40 | Z54: 5 | AA54: 71.43 | AB54: 2 | AC54: 100 | AD54: 0 | AE54: 0 | AF54: 2 | AG54: 28.57 | AH54: 0 | AI54: 0 | AJ54: 0 | AK54: 0 | AL54: 0 | AM54: 0 | AN54: 7
B55: Jumlah | D55: 254 | E55: 55.58 | F55: 203 | G55: 44.42 | H55: 457 | I55: 3.52 | J55: 418 | K55: 51.41 | L55: 395 | M55: 48.59 | N55: 813 | O55: 6.27 | P55: 2085 | Q55: 58.67 | R55: 1469 | S55: 41.33 | T55: 3554 | U55: 27.39 | V55: 2232 | W55: 52.84 | X55: 1992 | Y55: 47.16 | Z55: 4224 | AA55: 32.55 | AB55: 1814 | AC55: 46.19 | AD55: 2113 | AE55: 53.81 | AF55: 3927 | AG55: 30.27 | AH55: 0 | AI55: 0 | AJ55: 0 | AK55: 0 | AL55: 0 | AM55: 0 | AN55: 12975
B58: Negeri | C58: : | D58: 05 - NEGERI SEMBILAN
B59: Parlimen | C59: : | D59: 128 - SEREMBAN
B60: DUN | C60: : | D60: 13 - SIKAMAT
B61: Umur Pada | C61: : | D61: 46184
B62: Bil. | C62: Bangsa | D62: 18-20 Thn | J62: 21-25 Thn | P62: 26-40 Thn | V62: 41-60 Thn | AB62: 61-999 Thn | AH62: Tak Diketahui | AN62: Jumlah
D63: Lelaki | F63: Wanita | H63: Jumlah | J63: Lelaki | L63: Wanita | N63: Jumlah | P63: Lelaki | R63: Wanita | T63: Jumlah | V63: Lelaki | X63: Wanita | Z63: Jumlah | AB63: Lelaki | AD63: Wanita | AF63: Jumlah | AH63: Lelaki | AJ63: Wanita | AL63: Jumlah
D64: Bil | E64: % | F64: Bil | G64: % | H64: Bil | I64: % | J64: Bil | K64: % | L64: Bil | M64: % | N64: Bil | O64: % | P64: Bil | Q64: % | R64: Bil | S64: % | T64: Bil | U64: % | V64: Bil | W64: % | X64: Bil | Y64: % | Z64: Bil | AA64: % | AB64: Bil | AC64: % | AD64: Bil | AE64: % | AF64: Bil | AG64: % | AH64: Bil | AI64: % | AJ64: Bil | AK64: % | AL64: Bil | AM64: %
B65: 1 | C65: M - MELAYU | D65: 846 | E65: 52.55 | F65: 764 | G65: 47.45 | H65: 1610 | I65: 6.49 | J65: 1654 | K65: 51.53 | L65: 1556 | M65: 48.47 | N65: 3210 | O65: 12.94 | P65: 4569 | Q65: 49.54 | R65: 4654 | S65: 50.46 | T65: 9223 | U65: 37.17 | V65: 3235 | W65: 46.91 | X65: 3661 | Y65: 53.09 | Z65: 6896 | AA65: 27.79 | AB65: 1749 | AC65: 45.14 | AD65: 2126 | AE65: 54.86 | AF65: 3875 | AG65: 15.62 | AH65: 0 | AI65: 0 | AJ65: 0 | AK65: 0 | AL65: 0 | AM65: 0 | AN65: 24814
B66: 2 | C66: C - CINA | D66: 155 | E66: 55.76 | F66: 123 | G66: 44.24 | H66: 278 | I66: 4.1 | J66: 314 | K66: 50.08 | L66: 313 | M66: 49.92 | N66: 627 | O66: 9.26 | P66: 999 | Q66: 51.52 | R66: 940 | S66: 48.48 | T66: 1939 | U66: 28.63 | V66: 1277 | W66: 52.4 | X66: 1160 | Y66: 47.6 | Z66: 2437 | AA66: 35.98 | AB66: 669 | AC66: 44.84 | AD66: 823 | AE66: 55.16 | AF66: 1492 | AG66: 22.03 | AH66: 0 | AI66: 0 | AJ66: 0 | AK66: 0 | AL66: 0 | AM66: 0 | AN66: 6773
B67: 3 | C67: I - INDIA | D67: 38 | E67: 52.78 | F67: 34 | G67: 47.22 | H67: 72 | I67: 3.16 | J67: 87 | K67: 46.52 | L67: 100 | M67: 53.48 | N67: 187 | O67: 8.19 | P67: 400 | Q67: 50.57 | R67: 391 | S67: 49.43 | T67: 791 | U67: 34.66 | V67: 306 | W67: 45.95 | X67: 360 | Y67: 54.05 | Z67: 666 | AA67: 29.18 | AB67: 264 | AC67: 46.64 | AD67: 302 | AE67: 53.36 | AF67: 566 | AG67: 24.8 | AH67: 0 | AI67: 0 | AJ67: 0 | AK67: 0 | AL67: 0 | AM67: 0 | AN67: 2282
B68: 4 | C68: L - LAIN-LAIN | D68: 0 | E68: 0 | F68: 0 | G68: 0 | H68: 0 | I68: 0 | J68: 1 | K68: 25 | L68: 3 | M68: 75 | N68: 4 | O68: 25 | P68: 2 | Q68: 33.33 | R68: 4 | S68: 66.67 | T68: 6 | U68: 37.5 | V68: 0 | W68: 0 | X68: 2 | Y68: 100 | Z68: 2 | AA68: 12.5 | AB68: 2 | AC68: 50 | AD68: 2 | AE68: 50 | AF68: 4 | AG68: 25 | AH68: 0 | AI68: 0 | AJ68: 0 | AK68: 0 | AL68: 0 | AM68: 0 | AN68: 16
B69: Jumlah | D69: 1039 | E69: 53.01 | F69: 921 | G69: 46.99 | H69: 1960 | I69: 5.78 | J69: 2056 | K69: 51.04 | L69: 1972 | M69: 48.96 | N69: 4028 | O69: 11.89 | P69: 5970 | Q69: 49.92 | R69: 5989 | S69: 50.08 | T69: 11959 | U69: 35.29 | V69: 4818 | W69: 48.18 | X69: 5183 | Y69: 51.82 | Z69: 10001 | AA69: 29.51 | AB69: 2684 | AC69: 45.21 | AD69: 3253 | AE69: 54.79 | AF69: 5937 | AG69: 17.52 | AH69: 0 | AI69: 0 | AJ69: 0 | AK69: 0 | AL69: 0 | AM69: 0 | AN69: 33885
B72: Negeri | C72: : | D72: 05 - NEGERI SEMBILAN
B73: Parlimen | C73: : | D73: 128 - SEREMBAN
B74: DUN | C74: : | D74: 14 - AMPANGAN
B75: Umur Pada | C75: : | D75: 46184
B76: Bil. | C76: Bangsa | D76: 18-20 Thn | J76: 21-25 Thn | P76: 26-40 Thn | V76: 41-60 Thn | AB76: 61-999 Thn | AH76: Tak Diketahui | AN76: Jumlah
D77: Lelaki | F77: Wanita | H77: Jumlah | J77: Lelaki | L77: Wanita | N77: Jumlah | P77: Lelaki | R77: Wanita | T77: Jumlah | V77: Lelaki | X77: Wanita | Z77: Jumlah | AB77: Lelaki | AD77: Wanita | AF77: Jumlah | AH77: Lelaki | AJ77: Wanita | AL77: Jumlah
D78: Bil | E78: % | F78: Bil | G78: % | H78: Bil | I78: % | J78: Bil | K78: % | L78: Bil | M78: % | N78: Bil | O78: % | P78: Bil | Q78: % | R78: Bil | S78: % | T78: Bil | U78: % | V78: Bil | W78: % | X78: Bil | Y78: % | Z78: Bil | AA78: % | AB78: Bil | AC78: % | AD78: Bil | AE78: % | AF78: Bil | AG78: % | AH78: Bil | AI78: % | AJ78: Bil | AK78: % | AL78: Bil | AM78: %
B79: 1 | C79: M - MELAYU | D79: 385 | E79: 53.85 | F79: 330 | G79: 46.15 | H79: 715 | I79: 4.38 | J79: 796 | K79: 51.86 | L79: 739 | M79: 48.14 | N79: 1535 | O79: 9.41 | P79: 2716 | Q79: 51.39 | R79: 2569 | S79: 48.61 | T79: 5285 | U79: 32.4 | V79: 2555 | W79: 48.97 | X79: 2662 | Y79: 51.03 | Z79: 5217 | AA79: 31.98 | AB79: 1525 | AC79: 42.81 | AD79: 2037 | AE79: 57.19 | AF79: 3562 | AG79: 21.83 | AH79: 0 | AI79: 0 | AJ79: 0 | AK79: 0 | AL79: 0 | AM79: 0 | AN79: 16314
B80: 2 | C80: C - CINA | D80: 55 | E80: 55 | F80: 45 | G80: 45 | H80: 100 | I80: 2.8 | J80: 118 | K80: 53.15 | L80: 104 | M80: 46.85 | N80: 222 | O80: 6.22 | P80: 441 | Q80: 52.75 | R80: 395 | S80: 47.25 | T80: 836 | U80: 23.4 | V80: 618 | W80: 51.63 | X80: 579 | Y80: 48.37 | Z80: 1197 | AA80: 33.51 | AB80: 574 | AC80: 47.17 | AD80: 643 | AE80: 52.83 | AF80: 1217 | AG80: 34.07 | AH80: 0 | AI80: 0 | AJ80: 0 | AK80: 0 | AL80: 0 | AM80: 0 | AN80: 3572
B81: 3 | C81: I - INDIA | D81: 23 | E81: 52.27 | F81: 21 | G81: 47.73 | H81: 44 | I81: 3.06 | J81: 51 | K81: 57.3 | L81: 38 | M81: 42.7 | N81: 89 | O81: 6.18 | P81: 183 | Q81: 50.69 | R81: 178 | S81: 49.31 | T81: 361 | U81: 25.07 | V81: 243 | W81: 48.21 | X81: 261 | Y81: 51.79 | Z81: 504 | AA81: 35 | AB81: 176 | AC81: 39.82 | AD81: 266 | AE81: 60.18 | AF81: 442 | AG81: 30.69 | AH81: 0 | AI81: 0 | AJ81: 0 | AK81: 0 | AL81: 0 | AM81: 0 | AN81: 1440
B82: 4 | C82: L - LAIN-LAIN | D82: 0 | E82: 0 | F82: 0 | G82: 0 | H82: 0 | I82: 0 | J82: 0 | K82: 0 | L82: 1 | M82: 100 | N82: 1 | O82: 8.33 | P82: 0 | Q82: 0 | R82: 4 | S82: 100 | T82: 4 | U82: 33.33 | V82: 0 | W82: 0 | X82: 2 | Y82: 100 | Z82: 2 | AA82: 16.67 | AB82: 1 | AC82: 20 | AD82: 4 | AE82: 80 | AF82: 5 | AG82: 41.67 | AH82: 0 | AI82: 0 | AJ82: 0 | AK82: 0 | AL82: 0 | AM82: 0 | AN82: 12
B83: Jumlah | D83: 463 | E83: 53.9 | F83: 396 | G83: 46.1 | H83: 859 | I83: 4.03 | J83: 965 | K83: 52.25 | L83: 882 | M83: 47.75 | N83: 1847 | O83: 8.66 | P83: 3340 | Q83: 51.5 | R83: 3146 | S83: 48.5 | T83: 6486 | U83: 30.4 | V83: 3416 | W83: 49.36 | X83: 3504 | Y83: 50.64 | Z83: 6920 | AA83: 32.43 | AB83: 2276 | AC83: 43.55 | AD83: 2950 | AE83: 56.45 | AF83: 5226 | AG83: 24.49 | AH83: 0 | AI83: 0 | AJ83: 0 | AK83: 0 | AL83: 0 | AM83: 0 | AN83: 21338

Sheet Kuala Pilah
B2: Negeri | C2: : | D2: 05 - NEGERI SEMBILAN
B3: Parlimen | C3: : | D3: 129 - KUALA PILAH
B4: DUN | C4: : | D4: 15 - JUASSEH
B5: Umur Pada | C5: : | D5: 46184
B6: Bil. | C6: Bangsa | D6: 18-20 Thn | J6: 21-25 Thn | P6: 26-40 Thn | V6: 41-60 Thn | AB6: 61-999 Thn | AH6: Tak Diketahui | AN6: Jumlah
D7: Lelaki | F7: Wanita | H7: Jumlah | J7: Lelaki | L7: Wanita | N7: Jumlah | P7: Lelaki | R7: Wanita | T7: Jumlah | V7: Lelaki | X7: Wanita | Z7: Jumlah | AB7: Lelaki | AD7: Wanita | AF7: Jumlah | AH7: Lelaki | AJ7: Wanita | AL7: Jumlah
D8: Bil | E8: % | F8: Bil | G8: % | H8: Bil | I8: % | J8: Bil | K8: % | L8: Bil | M8: % | N8: Bil | O8: % | P8: Bil | Q8: % | R8: Bil | S8: % | T8: Bil | U8: % | V8: Bil | W8: % | X8: Bil | Y8: % | Z8: Bil | AA8: % | AB8: Bil | AC8: % | AD8: Bil | AE8: % | AF8: Bil | AG8: % | AH8: Bil | AI8: % | AJ8: Bil | AK8: % | AL8: Bil | AM8: %
B9: 1 | C9: M - MELAYU | D9: 271 | E9: 53.56 | F9: 235 | G9: 46.44 | H9: 506 | I9: 4.47 | J9: 533 | K9: 50.47 | L9: 523 | M9: 49.53 | N9: 1056 | O9: 9.34 | P9: 1803 | Q9: 49.41 | R9: 1846 | S9: 50.59 | T9: 3649 | U9: 32.26 | V9: 1760 | W9: 49.75 | X9: 1778 | Y9: 50.25 | Z9: 3538 | AA9: 31.28 | AB9: 1092 | AC9: 42.64 | AD9: 1469 | AE9: 57.36 | AF9: 2561 | AG9: 22.64 | AH9: 0 | AI9: 0 | AJ9: 0 | AK9: 0 | AL9: 0 | AM9: 0 | AN9: 11310
B10: 2 | C10: C - CINA | D10: 36 | E10: 55.38 | F10: 29 | G10: 44.62 | H10: 65 | I10: 3.88 | J10: 86 | K10: 55.84 | L10: 68 | M10: 44.16 | N10: 154 | O10: 9.19 | P10: 263 | Q10: 54.45 | R10: 220 | S10: 45.55 | T10: 483 | U10: 28.82 | V10: 304 | W10: 55.27 | X10: 246 | Y10: 44.73 | Z10: 550 | AA10: 32.82 | AB10: 210 | AC10: 49.53 | AD10: 214 | AE10: 50.47 | AF10: 424 | AG10: 25.3 | AH10: 0 | AI10: 0 | AJ10: 0 | AK10: 0 | AL10: 0 | AM10: 0 | AN10: 1676
B11: 3 | C11: I - INDIA | D11: 13 | E11: 52 | F11: 12 | G11: 48 | H11: 25 | I11: 3.67 | J11: 28 | K11: 51.85 | L11: 26 | M11: 48.15 | N11: 54 | O11: 7.93 | P11: 122 | Q11: 48.22 | R11: 131 | S11: 51.78 | T11: 253 | U11: 37.15 | V11: 99 | W11: 45 | X11: 121 | Y11: 55 | Z11: 220 | AA11: 32.31 | AB11: 54 | AC11: 41.86 | AD11: 75 | AE11: 58.14 | AF11: 129 | AG11: 18.94 | AH11: 0 | AI11: 0 | AJ11: 0 | AK11: 0 | AL11: 0 | AM11: 0 | AN11: 681
B12: 4 | C12: L - LAIN-LAIN | D12: 0 | E12: 0 | F12: 0 | G12: 0 | H12: 0 | I12: 0 | J12: 0 | K12: 0 | L12: 0 | M12: 0 | N12: 0 | O12: 0 | P12: 0 | Q12: 0 | R12: 0 | S12: 0 | T12: 0 | U12: 0 | V12: 1 | W12: 100 | X12: 0 | Y12: 0 | Z12: 1 | AA12: 50 | AB12: 1 | AC12: 100 | AD12: 0 | AE12: 0 | AF12: 1 | AG12: 50 | AH12: 0 | AI12: 0 | AJ12: 0 | AK12: 0 | AL12: 0 | AM12: 0 | AN12: 2
B13: Jumlah | D13: 320 | E13: 53.69 | F13: 276 | G13: 46.31 | H13: 596 | I13: 4.36 | J13: 647 | K13: 51.19 | L13: 617 | M13: 48.81 | N13: 1264 | O13: 9.25 | P13: 2188 | Q13: 49.9 | R13: 2197 | S13: 50.1 | T13: 4385 | U13: 32.08 | V13: 2164 | W13: 50.22 | X13: 2145 | Y13: 49.78 | Z13: 4309 | AA13: 31.52 | AB13: 1357 | AC13: 43.56 | AD13: 1758 | AE13: 56.44 | AF13: 3115 | AG13: 22.79 | AH13: 0 | AI13: 0 | AJ13: 0 | AK13: 0 | AL13: 0 | AM13: 0 | AN13: 13669
B16: Negeri | C16: : | D16: 05 - NEGERI SEMBILAN
B17: Parlimen | C17: : | D17: 129 - KUALA PILAH
B18: DUN | C18: : | D18: 16 - SERI MENANTI
B19: Umur Pada | C19: : | D19: 46184
B20: Bil. | C20: Bangsa | D20: 18-20 Thn | J20: 21-25 Thn | P20: 26-40 Thn | V20: 41-60 Thn | AB20: 61-999 Thn | AH20: Tak Diketahui | AN20: Jumlah
D21: Lelaki | F21: Wanita | H21: Jumlah | J21: Lelaki | L21: Wanita | N21: Jumlah | P21: Lelaki | R21: Wanita | T21: Jumlah | V21: Lelaki | X21: Wanita | Z21: Jumlah | AB21: Lelaki | AD21: Wanita | AF21: Jumlah | AH21: Lelaki | AJ21: Wanita | AL21: Jumlah
D22: Bil | E22: % | F22: Bil | G22: % | H22: Bil | I22: % | J22: Bil | K22: % | L22: Bil | M22: % | N22: Bil | O22: % | P22: Bil | Q22: % | R22: Bil | S22: % | T22: Bil | U22: % | V22: Bil | W22: % | X22: Bil | Y22: % | Z22: Bil | AA22: % | AB22: Bil | AC22: % | AD22: Bil | AE22: % | AF22: Bil | AG22: % | AH22: Bil | AI22: % | AJ22: Bil | AK22: % | AL22: Bil | AM22: %
B23: 1 | C23: M - MELAYU | D23: 182 | E23: 50.56 | F23: 178 | G23: 49.44 | H23: 360 | I23: 3.72 | J23: 409 | K23: 51.38 | L23: 387 | M23: 48.62 | N23: 796 | O23: 8.24 | P23: 1336 | Q23: 50.11 | R23: 1330 | S23: 49.89 | T23: 2666 | U23: 27.58 | V23: 1761 | W23: 52.16 | X23: 1615 | Y23: 47.84 | Z23: 3376 | AA23: 34.93 | AB23: 1043 | AC23: 42.28 | AD23: 1424 | AE23: 57.72 | AF23: 2467 | AG23: 25.53 | AH23: 0 | AI23: 0 | AJ23: 0 | AK23: 0 | AL23: 0 | AM23: 0 | AN23: 9665
B24: 2 | C24: C - CINA | D24: 15 | E24: 53.57 | F24: 13 | G24: 46.43 | H24: 28 | I24: 7.39 | J24: 33 | K24: 45.83 | L24: 39 | M24: 54.17 | N24: 72 | O24: 19 | P24: 45 | Q24: 49.45 | R24: 46 | S24: 50.55 | T24: 91 | U24: 24.01 | V24: 40 | W24: 62.5 | X24: 24 | Y24: 37.5 | Z24: 64 | AA24: 16.89 | AB24: 65 | AC24: 52.42 | AD24: 59 | AE24: 47.58 | AF24: 124 | AG24: 32.72 | AH24: 0 | AI24: 0 | AJ24: 0 | AK24: 0 | AL24: 0 | AM24: 0 | AN24: 379
B25: 3 | C25: I - INDIA | D25: 0 | E25: 0 | F25: 1 | G25: 100 | H25: 1 | I25: 1.79 | J25: 4 | K25: 50 | L25: 4 | M25: 50 | N25: 8 | O25: 14.29 | P25: 11 | Q25: 42.31 | R25: 15 | S25: 57.69 | T25: 26 | U25: 46.43 | V25: 12 | W25: 80 | X25: 3 | Y25: 20 | Z25: 15 | AA25: 26.79 | AB25: 3 | AC25: 50 | AD25: 3 | AE25: 50 | AF25: 6 | AG25: 10.71 | AH25: 0 | AI25: 0 | AJ25: 0 | AK25: 0 | AL25: 0 | AM25: 0 | AN25: 56
B26: 4 | C26: L - LAIN-LAIN | D26: 0 | E26: 0 | F26: 0 | G26: 0 | H26: 0 | I26: 0 | J26: 0 | K26: 0 | L26: 0 | M26: 0 | N26: 0 | O26: 0 | P26: 0 | Q26: 0 | R26: 0 | S26: 0 | T26: 0 | U26: 0 | V26: 0 | W26: 0 | X26: 0 | Y26: 0 | Z26: 0 | AA26: 0 | AB26: 0 | AC26: 0 | AD26: 0 | AE26: 0 | AF26: 0 | AG26: 0 | AH26: 0 | AI26: 0 | AJ26: 0 | AK26: 0 | AL26: 0 | AM26: 0 | AN26: 0
B27: Jumlah | D27: 197 | E27: 50.64 | F27: 192 | G27: 49.36 | H27: 389 | I27: 3.85 | J27: 446 | K27: 50.91 | L27: 430 | M27: 49.09 | N27: 876 | O27: 8.67 | P27: 1392 | Q27: 50.02 | R27: 1391 | S27: 49.98 | T27: 2783 | U27: 27.55 | V27: 1813 | W27: 52.47 | X27: 1642 | Y27: 47.53 | Z27: 3455 | AA27: 34.21 | AB27: 1111 | AC27: 42.78 | AD27: 1486 | AE27: 57.22 | AF27: 2597 | AG27: 25.71 | AH27: 0 | AI27: 0 | AJ27: 0 | AK27: 0 | AL27: 0 | AM27: 0 | AN27: 10100
B30: Negeri | C30: : | D30: 05 - NEGERI SEMBILAN
B31: Parlimen | C31: : | D31: 129 - KUALA PILAH
B32: DUN | C32: : | D32: 17 - SENALING
B33: Umur Pada | C33: : | D33: 46184
B34: Bil. | C34: Bangsa | D34: 18-20 Thn | J34: 21-25 Thn | P34: 26-40 Thn | V34: 41-60 Thn | AB34: 61-999 Thn | AH34: Tak Diketahui | AN34: Jumlah
D35: Lelaki | F35: Wanita | H35: Jumlah | J35: Lelaki | L35: Wanita | N35: Jumlah | P35: Lelaki | R35: Wanita | T35: Jumlah | V35: Lelaki | X35: Wanita | Z35: Jumlah | AB35: Lelaki | AD35: Wanita | AF35: Jumlah | AH35: Lelaki | AJ35: Wanita | AL35: Jumlah
D36: Bil | E36: % | F36: Bil | G36: % | H36: Bil | I36: % | J36: Bil | K36: % | L36: Bil | M36: % | N36: Bil | O36: % | P36: Bil | Q36: % | R36: Bil | S36: % | T36: Bil | U36: % | V36: Bil | W36: % | X36: Bil | Y36: % | Z36: Bil | AA36: % | AB36: Bil | AC36: % | AD36: Bil | AE36: % | AF36: Bil | AG36: % | AH36: Bil | AI36: % | AJ36: Bil | AK36: % | AL36: Bil | AM36: %
B37: 1 | C37: M - MELAYU | D37: 161 | E37: 44.48 | F37: 201 | G37: 55.52 | H37: 362 | I37: 4.46 | J37: 314 | K37: 49.45 | L37: 321 | M37: 50.55 | N37: 635 | O37: 7.82 | P37: 1290 | Q37: 50.97 | R37: 1241 | S37: 49.03 | T37: 2531 | U37: 31.18 | V37: 1422 | W37: 51.75 | X37: 1326 | Y37: 48.25 | Z37: 2748 | AA37: 33.85 | AB37: 782 | AC37: 42.48 | AD37: 1059 | AE37: 57.52 | AF37: 1841 | AG37: 22.68 | AH37: 0 | AI37: 0 | AJ37: 0 | AK37: 0 | AL37: 0 | AM37: 0 | AN37: 8117
B38: 2 | C38: C - CINA | D38: 25 | E38: 54.35 | F38: 21 | G38: 45.65 | H38: 46 | I38: 3.04 | J38: 35 | K38: 57.38 | L38: 26 | M38: 42.62 | N38: 61 | O38: 4.03 | P38: 145 | Q38: 53.11 | R38: 128 | S38: 46.89 | T38: 273 | U38: 18.03 | V38: 229 | W38: 54.92 | X38: 188 | Y38: 45.08 | Z38: 417 | AA38: 27.54 | AB38: 360 | AC38: 50.21 | AD38: 357 | AE38: 49.79 | AF38: 717 | AG38: 47.36 | AH38: 0 | AI38: 0 | AJ38: 0 | AK38: 0 | AL38: 0 | AM38: 0 | AN38: 1514
B39: 3 | C39: I - INDIA | D39: 8 | E39: 61.54 | F39: 5 | G39: 38.46 | H39: 13 | I39: 4.59 | J39: 18 | K39: 47.37 | L39: 20 | M39: 52.63 | N39: 38 | O39: 13.43 | P39: 46 | Q39: 59.74 | R39: 31 | S39: 40.26 | T39: 77 | U39: 27.21 | V39: 41 | W39: 50 | X39: 41 | Y39: 50 | Z39: 82 | AA39: 28.98 | AB39: 30 | AC39: 41.1 | AD39: 43 | AE39: 58.9 | AF39: 73 | AG39: 25.8 | AH39: 0 | AI39: 0 | AJ39: 0 | AK39: 0 | AL39: 0 | AM39: 0 | AN39: 283
B40: 4 | C40: L - LAIN-LAIN | D40: 0 | E40: 0 | F40: 0 | G40: 0 | H40: 0 | I40: 0 | J40: 0 | K40: 0 | L40: 0 | M40: 0 | N40: 0 | O40: 0 | P40: 0 | Q40: 0 | R40: 0 | S40: 0 | T40: 0 | U40: 0 | V40: 0 | W40: 0 | X40: 0 | Y40: 0 | Z40: 0 | AA40: 0 | AB40: 0 | AC40: 0 | AD40: 0 | AE40: 0 | AF40: 0 | AG40: 0 | AH40: 0 | AI40: 0 | AJ40: 0 | AK40: 0 | AL40: 0 | AM40: 0 | AN40: 0
B41: Jumlah | D41: 194 | E41: 46.08 | F41: 227 | G41: 53.92 | H41: 421 | I41: 4.25 | J41: 367 | K41: 50 | L41: 367 | M41: 50 | N41: 734 | O41: 7.4 | P41: 1481 | Q41: 51.41 | R41: 1400 | S41: 48.59 | T41: 2881 | U41: 29.06 | V41: 1692 | W41: 52.11 | X41: 1555 | Y41: 47.89 | Z41: 3247 | AA41: 32.75 | AB41: 1172 | AC41: 44.55 | AD41: 1459 | AE41: 55.45 | AF41: 2631 | AG41: 26.54 | AH41: 0 | AI41: 0 | AJ41: 0 | AK41: 0 | AL41: 0 | AM41: 0 | AN41: 9914
B44: Negeri | C44: : | D44: 05 - NEGERI SEMBILAN
B45: Parlimen | C45: : | D45: 129 - KUALA PILAH
B46: DUN | C46: : | D46: 18 - PILAH
B47: Umur Pada | C47: : | D47: 46184
B48: Bil. | C48: Bangsa | D48: 18-20 Thn | J48: 21-25 Thn | P48: 26-40 Thn | V48: 41-60 Thn | AB48: 61-999 Thn | AH48: Tak Diketahui | AN48: Jumlah
D49: Lelaki | F49: Wanita | H49: Jumlah | J49: Lelaki | L49: Wanita | N49: Jumlah | P49: Lelaki | R49: Wanita | T49: Jumlah | V49: Lelaki | X49: Wanita | Z49: Jumlah | AB49: Lelaki | AD49: Wanita | AF49: Jumlah | AH49: Lelaki | AJ49: Wanita | AL49: Jumlah
D50: Bil | E50: % | F50: Bil | G50: % | H50: Bil | I50: % | J50: Bil | K50: % | L50: Bil | M50: % | N50: Bil | O50: % | P50: Bil | Q50: % | R50: Bil | S50: % | T50: Bil | U50: % | V50: Bil | W50: % | X50: Bil | Y50: % | Z50: Bil | AA50: % | AB50: Bil | AC50: % | AD50: Bil | AE50: % | AF50: Bil | AG50: % | AH50: Bil | AI50: % | AJ50: Bil | AK50: % | AL50: Bil | AM50: %
B51: 1 | C51: M - MELAYU | D51: 273 | E51: 52.7 | F51: 245 | G51: 47.3 | H51: 518 | I51: 4.33 | J51: 600 | K51: 54.6 | L51: 499 | M51: 45.4 | N51: 1099 | O51: 9.18 | P51: 2032 | Q51: 50.72 | R51: 1974 | S51: 49.28 | T51: 4006 | U51: 33.46 | V51: 1888 | W51: 51.08 | X51: 1808 | Y51: 48.92 | Z51: 3696 | AA51: 30.87 | AB51: 1156 | AC51: 43.54 | AD51: 1499 | AE51: 56.46 | AF51: 2655 | AG51: 22.17 | AH51: 0 | AI51: 0 | AJ51: 0 | AK51: 0 | AL51: 0 | AM51: 0 | AN51: 11974
B52: 2 | C52: C - CINA | D52: 100 | E52: 57.47 | F52: 74 | G52: 42.53 | H52: 174 | I52: 3.79 | J52: 158 | K52: 50.64 | L52: 154 | M52: 49.36 | N52: 312 | O52: 6.8 | P52: 684 | Q52: 51.82 | R52: 636 | S52: 48.18 | T52: 1320 | U52: 28.79 | V52: 707 | W52: 49.72 | X52: 715 | Y52: 50.28 | Z52: 1422 | AA52: 31.01 | AB52: 651 | AC52: 47.97 | AD52: 706 | AE52: 52.03 | AF52: 1357 | AG52: 29.6 | AH52: 0 | AI52: 0 | AJ52: 0 | AK52: 0 | AL52: 0 | AM52: 0 | AN52: 4585
B53: 3 | C53: I - INDIA | D53: 21 | E53: 42.86 | F53: 28 | G53: 57.14 | H53: 49 | I53: 3.49 | J53: 54 | K53: 53.47 | L53: 47 | M53: 46.53 | N53: 101 | O53: 7.2 | P53: 240 | Q53: 48.39 | R53: 256 | S53: 51.61 | T53: 496 | U53: 35.35 | V53: 179 | W53: 43.77 | X53: 230 | Y53: 56.23 | Z53: 409 | AA53: 29.15 | AB53: 158 | AC53: 45.4 | AD53: 190 | AE53: 54.6 | AF53: 348 | AG53: 24.8 | AH53: 0 | AI53: 0 | AJ53: 0 | AK53: 0 | AL53: 0 | AM53: 0 | AN53: 1403
B54: 4 | C54: L - LAIN-LAIN | D54: 0 | E54: 0 | F54: 0 | G54: 0 | H54: 0 | I54: 0 | J54: 0 | K54: 0 | L54: 0 | M54: 0 | N54: 0 | O54: 0 | P54: 1 | Q54: 100 | R54: 0 | S54: 0 | T54: 1 | U54: 100 | V54: 0 | W54: 0 | X54: 0 | Y54: 0 | Z54: 0 | AA54: 0 | AB54: 0 | AC54: 0 | AD54: 0 | AE54: 0 | AF54: 0 | AG54: 0 | AH54: 0 | AI54: 0 | AJ54: 0 | AK54: 0 | AL54: 0 | AM54: 0 | AN54: 1
B55: Jumlah | D55: 394 | E55: 53.17 | F55: 347 | G55: 46.83 | H55: 741 | I55: 4.13 | J55: 812 | K55: 53.7 | L55: 700 | M55: 46.3 | N55: 1512 | O55: 8.42 | P55: 2957 | Q55: 50.78 | R55: 2866 | S55: 49.22 | T55: 5823 | U55: 32.42 | V55: 2774 | W55: 50.19 | X55: 2753 | Y55: 49.81 | Z55: 5527 | AA55: 30.77 | AB55: 1965 | AC55: 45.07 | AD55: 2395 | AE55: 54.93 | AF55: 4360 | AG55: 24.27 | AH55: 0 | AI55: 0 | AJ55: 0 | AK55: 0 | AL55: 0 | AM55: 0 | AN55: 17963
B58: Negeri | C58: : | D58: 05 - NEGERI SEMBILAN
B59: Parlimen | C59: : | D59: 129 - KUALA PILAH
B60: DUN | C60: : | D60: 19 - JOHOL
B61: Umur Pada | C61: : | D61: 46184
B62: Bil. | C62: Bangsa | D62: 18-20 Thn | J62: 21-25 Thn | P62: 26-40 Thn | V62: 41-60 Thn | AB62: 61-999 Thn | AH62: Tak Diketahui | AN62: Jumlah
D63: Lelaki | F63: Wanita | H63: Jumlah | J63: Lelaki | L63: Wanita | N63: Jumlah | P63: Lelaki | R63: Wanita | T63: Jumlah | V63: Lelaki | X63: Wanita | Z63: Jumlah | AB63: Lelaki | AD63: Wanita | AF63: Jumlah | AH63: Lelaki | AJ63: Wanita | AL63: Jumlah
D64: Bil | E64: % | F64: Bil | G64: % | H64: Bil | I64: % | J64: Bil | K64: % | L64: Bil | M64: % | N64: Bil | O64: % | P64: Bil | Q64: % | R64: Bil | S64: % | T64: Bil | U64: % | V64: Bil | W64: % | X64: Bil | Y64: % | Z64: Bil | AA64: % | AB64: Bil | AC64: % | AD64: Bil | AE64: % | AF64: Bil | AG64: % | AH64: Bil | AI64: % | AJ64: Bil | AK64: % | AL64: Bil | AM64: %
B65: 1 | C65: M - MELAYU | D65: 192 | E65: 49.74 | F65: 194 | G65: 50.26 | H65: 386 | I65: 3.98 | J65: 452 | K65: 50.73 | L65: 439 | M65: 49.27 | N65: 891 | O65: 9.18 | P65: 1539 | Q65: 51.84 | R65: 1430 | S65: 48.16 | T65: 2969 | U65: 30.58 | V65: 1695 | W65: 50.18 | X65: 1683 | Y65: 49.82 | Z65: 3378 | AA65: 34.79 | AB65: 900 | AC65: 43.14 | AD65: 1186 | AE65: 56.86 | AF65: 2086 | AG65: 21.48 | AH65: 0 | AI65: 0 | AJ65: 0 | AK65: 0 | AL65: 0 | AM65: 0 | AN65: 9710
B66: 2 | C66: C - CINA | D66: 22 | E66: 44.9 | F66: 27 | G66: 55.1 | H66: 49 | I66: 2.45 | J66: 65 | K66: 55.56 | L66: 52 | M66: 44.44 | N66: 117 | O66: 5.85 | P66: 263 | Q66: 57.8 | R66: 192 | S66: 42.2 | T66: 455 | U66: 22.76 | V66: 385 | W66: 57.12 | X66: 289 | Y66: 42.88 | Z66: 674 | AA66: 33.72 | AB66: 368 | AC66: 52.27 | AD66: 336 | AE66: 47.73 | AF66: 704 | AG66: 35.22 | AH66: 0 | AI66: 0 | AJ66: 0 | AK66: 0 | AL66: 0 | AM66: 0 | AN66: 1999
B67: 3 | C67: I - INDIA | D67: 12 | E67: 42.86 | F67: 16 | G67: 57.14 | H67: 28 | I67: 4.31 | J67: 33 | K67: 53.23 | L67: 29 | M67: 46.77 | N67: 62 | O67: 9.54 | P67: 107 | Q67: 53.5 | R67: 93 | S67: 46.5 | T67: 200 | U67: 30.77 | V67: 111 | W67: 48.05 | X67: 120 | Y67: 51.95 | Z67: 231 | AA67: 35.54 | AB67: 62 | AC67: 48.06 | AD67: 67 | AE67: 51.94 | AF67: 129 | AG67: 19.85 | AH67: 0 | AI67: 0 | AJ67: 0 | AK67: 0 | AL67: 0 | AM67: 0 | AN67: 650
B68: 4 | C68: L - LAIN-LAIN | D68: 0 | E68: 0 | F68: 0 | G68: 0 | H68: 0 | I68: 0 | J68: 0 | K68: 0 | L68: 0 | M68: 0 | N68: 0 | O68: 0 | P68: 0 | Q68: 0 | R68: 0 | S68: 0 | T68: 0 | U68: 0 | V68: 0 | W68: 0 | X68: 0 | Y68: 0 | Z68: 0 | AA68: 0 | AB68: 0 | AC68: 0 | AD68: 0 | AE68: 0 | AF68: 0 | AG68: 0 | AH68: 0 | AI68: 0 | AJ68: 0 | AK68: 0 | AL68: 0 | AM68: 0 | AN68: 0
B69: Jumlah | D69: 226 | E69: 48.81 | F69: 237 | G69: 51.19 | H69: 463 | I69: 3.75 | J69: 550 | K69: 51.4 | L69: 520 | M69: 48.6 | N69: 1070 | O69: 8.66 | P69: 1909 | Q69: 52.68 | R69: 1715 | S69: 47.32 | T69: 3624 | U69: 29.32 | V69: 2191 | W69: 51.16 | X69: 2092 | Y69: 48.84 | Z69: 4283 | AA69: 34.65 | AB69: 1330 | AC69: 45.56 | AD69: 1589 | AE69: 54.44 | AF69: 2919 | AG69: 23.62 | AH69: 0 | AI69: 0 | AJ69: 0 | AK69: 0 | AL69: 0 | AM69: 0 | AN69: 12359

Sheet Rasah
B2: Negeri | C2: : | D2: 05 - NEGERI SEMBILAN
B3: Parlimen | C3: : | D3: 130 - RASAH
B4: DUN | C4: : | D4: 20 - LABU
B5: Umur Pada | C5: : | D5: 46184
B6: Bil. | C6: Bangsa | D6: 18-20 Thn | J6: 21-25 Thn | P6: 26-40 Thn | V6: 41-60 Thn | AB6: 61-999 Thn | AH6: Tak Diketahui | AN6: Jumlah
D7: Lelaki | F7: Wanita | H7: Jumlah | J7: Lelaki | L7: Wanita | N7: Jumlah | P7: Lelaki | R7: Wanita | T7: Jumlah | V7: Lelaki | X7: Wanita | Z7: Jumlah | AB7: Lelaki | AD7: Wanita | AF7: Jumlah | AH7: Lelaki | AJ7: Wanita | AL7: Jumlah
D8: Bil | E8: % | F8: Bil | G8: % | H8: Bil | I8: % | J8: Bil | K8: % | L8: Bil | M8: % | N8: Bil | O8: % | P8: Bil | Q8: % | R8: Bil | S8: % | T8: Bil | U8: % | V8: Bil | W8: % | X8: Bil | Y8: % | Z8: Bil | AA8: % | AB8: Bil | AC8: % | AD8: Bil | AE8: % | AF8: Bil | AG8: % | AH8: Bil | AI8: % | AJ8: Bil | AK8: % | AL8: Bil | AM8: %
B9: 1 | C9: M - MELAYU | D9: 1008 | E9: 50.76 | F9: 978 | G9: 49.24 | H9: 1986 | I9: 7.7 | J9: 2136 | K9: 51.24 | L9: 2033 | M9: 48.76 | N9: 4169 | O9: 16.16 | P9: 4505 | Q9: 50.44 | R9: 4427 | S9: 49.56 | T9: 8932 | U9: 34.61 | V9: 3579 | W9: 48.23 | X9: 3841 | Y9: 51.77 | Z9: 7420 | AA9: 28.76 | AB9: 1539 | AC9: 46.68 | AD9: 1758 | AE9: 53.32 | AF9: 3297 | AG9: 12.78 | AH9: 0 | AI9: 0 | AJ9: 0 | AK9: 0 | AL9: 0 | AM9: 0 | AN9: 25804
B10: 2 | C10: C - CINA | D10: 74 | E10: 52.11 | F10: 68 | G10: 47.89 | H10: 142 | I10: 5.09 | J10: 136 | K10: 50.94 | L10: 131 | M10: 49.06 | N10: 267 | O10: 9.57 | P10: 421 | Q10: 54.75 | R10: 348 | S10: 45.25 | T10: 769 | U10: 27.57 | V10: 451 | W10: 50.06 | X10: 450 | Y10: 49.94 | Z10: 901 | AA10: 32.31 | AB10: 351 | AC10: 49.44 | AD10: 359 | AE10: 50.56 | AF10: 710 | AG10: 25.46 | AH10: 0 | AI10: 0 | AJ10: 0 | AK10: 0 | AL10: 0 | AM10: 0 | AN10: 2789
B11: 3 | C11: I - INDIA | D11: 97 | E11: 50.52 | F11: 95 | G11: 49.48 | H11: 192 | I11: 4.82 | J11: 220 | K11: 52.38 | L11: 200 | M11: 47.62 | N11: 420 | O11: 10.55 | P11: 700 | Q11: 54.1 | R11: 594 | S11: 45.9 | T11: 1294 | U11: 32.5 | V11: 639 | W11: 48.15 | X11: 688 | Y11: 51.85 | Z11: 1327 | AA11: 33.32 | AB11: 326 | AC11: 43.52 | AD11: 423 | AE11: 56.48 | AF11: 749 | AG11: 18.81 | AH11: 0 | AI11: 0 | AJ11: 0 | AK11: 0 | AL11: 0 | AM11: 0 | AN11: 3982
B12: 4 | C12: L - LAIN-LAIN | D12: 0 | E12: 0 | F12: 0 | G12: 0 | H12: 0 | I12: 0 | J12: 0 | K12: 0 | L12: 0 | M12: 0 | N12: 0 | O12: 0 | P12: 0 | Q12: 0 | R12: 0 | S12: 0 | T12: 0 | U12: 0 | V12: 0 | W12: 0 | X12: 0 | Y12: 0 | Z12: 0 | AA12: 0 | AB12: 0 | AC12: 0 | AD12: 0 | AE12: 0 | AF12: 0 | AG12: 0 | AH12: 0 | AI12: 0 | AJ12: 0 | AK12: 0 | AL12: 0 | AM12: 0 | AN12: 0
B13: Jumlah | D13: 1179 | E13: 50.82 | F13: 1141 | G13: 49.18 | H13: 2320 | I13: 7.12 | J13: 2492 | K13: 51.32 | L13: 2364 | M13: 48.68 | N13: 4856 | O13: 14.91 | P13: 5626 | Q13: 51.17 | R13: 5369 | S13: 48.83 | T13: 10995 | U13: 33.75 | V13: 4669 | W13: 48.39 | X13: 4979 | Y13: 51.61 | Z13: 9648 | AA13: 29.62 | AB13: 2216 | AC13: 46.59 | AD13: 2540 | AE13: 53.41 | AF13: 4756 | AG13: 14.6 | AH13: 0 | AI13: 0 | AJ13: 0 | AK13: 0 | AL13: 0 | AM13: 0 | AN13: 32575
B16: Negeri | C16: : | D16: 05 - NEGERI SEMBILAN
B17: Parlimen | C17: : | D17: 130 - RASAH
B18: DUN | C18: : | D18: 21 - BUKIT KEPAYANG
B19: Umur Pada | C19: : | D19: 46184
B20: Bil. | C20: Bangsa | D20: 18-20 Thn | J20: 21-25 Thn | P20: 26-40 Thn | V20: 41-60 Thn | AB20: 61-999 Thn | AH20: Tak Diketahui | AN20: Jumlah
D21: Lelaki | F21: Wanita | H21: Jumlah | J21: Lelaki | L21: Wanita | N21: Jumlah | P21: Lelaki | R21: Wanita | T21: Jumlah | V21: Lelaki | X21: Wanita | Z21: Jumlah | AB21: Lelaki | AD21: Wanita | AF21: Jumlah | AH21: Lelaki | AJ21: Wanita | AL21: Jumlah
D22: Bil | E22: % | F22: Bil | G22: % | H22: Bil | I22: % | J22: Bil | K22: % | L22: Bil | M22: % | N22: Bil | O22: % | P22: Bil | Q22: % | R22: Bil | S22: % | T22: Bil | U22: % | V22: Bil | W22: % | X22: Bil | Y22: % | Z22: Bil | AA22: % | AB22: Bil | AC22: % | AD22: Bil | AE22: % | AF22: Bil | AG22: % | AH22: Bil | AI22: % | AJ22: Bil | AK22: % | AL22: Bil | AM22: %
B23: 1 | C23: M - MELAYU | D23: 719 | E23: 50.56 | F23: 703 | G23: 49.44 | H23: 1422 | I23: 9.7 | J23: 1346 | K23: 49.74 | L23: 1360 | M23: 50.26 | N23: 2706 | O23: 18.46 | P23: 2887 | Q23: 50.7 | R23: 2807 | S23: 49.3 | T23: 5694 | U23: 38.85 | V23: 1591 | W23: 46.49 | X23: 1831 | Y23: 53.51 | Z23: 3422 | AA23: 23.35 | AB23: 706 | AC23: 50.04 | AD23: 705 | AE23: 49.96 | AF23: 1411 | AG23: 9.63 | AH23: 0 | AI23: 0 | AJ23: 0 | AK23: 0 | AL23: 0 | AM23: 0 | AN23: 14655
B24: 2 | C24: C - CINA | D24: 782 | E24: 52.24 | F24: 715 | G24: 47.76 | H24: 1497 | I24: 5.99 | J24: 1496 | K24: 53.35 | L24: 1308 | M24: 46.65 | N24: 2804 | O24: 11.23 | P24: 3756 | Q24: 51.35 | R24: 3558 | S24: 48.65 | T24: 7314 | U24: 29.29 | V24: 3596 | W24: 48.94 | X24: 3752 | Y24: 51.06 | Z24: 7348 | AA24: 29.42 | AB24: 2794 | AC24: 46.49 | AD24: 3216 | AE24: 53.51 | AF24: 6010 | AG24: 24.07 | AH24: 0 | AI24: 0 | AJ24: 0 | AK24: 0 | AL24: 0 | AM24: 0 | AN24: 24973
B25: 3 | C25: I - INDIA | D25: 228 | E25: 50.22 | F25: 226 | G25: 49.78 | H25: 454 | I25: 4.74 | J25: 541 | K25: 52.27 | L25: 494 | M25: 47.73 | N25: 1035 | O25: 10.81 | P25: 1563 | Q25: 48.72 | R25: 1645 | S25: 51.28 | T25: 3208 | U25: 33.51 | V25: 1339 | W25: 46.77 | X25: 1524 | Y25: 53.23 | Z25: 2863 | AA25: 29.91 | AB25: 972 | AC25: 48.29 | AD25: 1041 | AE25: 51.71 | AF25: 2013 | AG25: 21.03 | AH25: 0 | AI25: 0 | AJ25: 0 | AK25: 0 | AL25: 0 | AM25: 0 | AN25: 9573
B26: 4 | C26: L - LAIN-LAIN | D26: 2 | E26: 33.33 | F26: 4 | G26: 66.67 | H26: 6 | I26: 12.77 | J26: 6 | K26: 60 | L26: 4 | M26: 40 | N26: 10 | O26: 21.28 | P26: 15 | Q26: 62.5 | R26: 9 | S26: 37.5 | T26: 24 | U26: 51.06 | V26: 2 | W26: 66.67 | X26: 1 | Y26: 33.33 | Z26: 3 | AA26: 6.38 | AB26: 2 | AC26: 50 | AD26: 2 | AE26: 50 | AF26: 4 | AG26: 8.51 | AH26: 0 | AI26: 0 | AJ26: 0 | AK26: 0 | AL26: 0 | AM26: 0 | AN26: 47
B27: Jumlah | D27: 1731 | E27: 51.23 | F27: 1648 | G27: 48.77 | H27: 3379 | I27: 6.86 | J27: 3389 | K27: 51.7 | L27: 3166 | M27: 48.3 | N27: 6555 | O27: 13.31 | P27: 8221 | Q27: 50.62 | R27: 8019 | S27: 49.38 | T27: 16240 | U27: 32.98 | V27: 6528 | W27: 47.87 | X27: 7108 | Y27: 52.13 | Z27: 13636 | AA27: 27.69 | AB27: 4474 | AC27: 47.4 | AD27: 4964 | AE27: 52.6 | AF27: 9438 | AG27: 19.16 | AH27: 0 | AI27: 0 | AJ27: 0 | AK27: 0 | AL27: 0 | AM27: 0 | AN27: 49248
B30: Negeri | C30: : | D30: 05 - NEGERI SEMBILAN
B31: Parlimen | C31: : | D31: 130 - RASAH
B32: DUN | C32: : | D32: 22 - RAHANG
B33: Umur Pada | C33: : | D33: 46184
B34: Bil. | C34: Bangsa | D34: 18-20 Thn | J34: 21-25 Thn | P34: 26-40 Thn | V34: 41-60 Thn | AB34: 61-999 Thn | AH34: Tak Diketahui | AN34: Jumlah
D35: Lelaki | F35: Wanita | H35: Jumlah | J35: Lelaki | L35: Wanita | N35: Jumlah | P35: Lelaki | R35: Wanita | T35: Jumlah | V35: Lelaki | X35: Wanita | Z35: Jumlah | AB35: Lelaki | AD35: Wanita | AF35: Jumlah | AH35: Lelaki | AJ35: Wanita | AL35: Jumlah
D36: Bil | E36: % | F36: Bil | G36: % | H36: Bil | I36: % | J36: Bil | K36: % | L36: Bil | M36: % | N36: Bil | O36: % | P36: Bil | Q36: % | R36: Bil | S36: % | T36: Bil | U36: % | V36: Bil | W36: % | X36: Bil | Y36: % | Z36: Bil | AA36: % | AB36: Bil | AC36: % | AD36: Bil | AE36: % | AF36: Bil | AG36: % | AH36: Bil | AI36: % | AJ36: Bil | AK36: % | AL36: Bil | AM36: %
B37: 1 | C37: M - MELAYU | D37: 124 | E37: 56.11 | F37: 97 | G37: 43.89 | H37: 221 | I37: 3.41 | J37: 346 | K37: 63.72 | L37: 197 | M37: 36.28 | N37: 543 | O37: 8.38 | P37: 1551 | Q37: 57.59 | R37: 1142 | S37: 42.41 | T37: 2693 | U37: 41.58 | V37: 970 | W37: 46.59 | X37: 1112 | Y37: 53.41 | Z37: 2082 | AA37: 32.15 | AB37: 403 | AC37: 43.01 | AD37: 534 | AE37: 56.99 | AF37: 937 | AG37: 14.47 | AH37: 0 | AI37: 0 | AJ37: 0 | AK37: 0 | AL37: 0 | AM37: 0 | AN37: 6476
B38: 2 | C38: C - CINA | D38: 92 | E38: 52.57 | F38: 83 | G38: 47.43 | H38: 175 | I38: 1.92 | J38: 196 | K38: 51.17 | L38: 187 | M38: 48.83 | N38: 383 | O38: 4.21 | P38: 745 | Q38: 52.32 | R38: 679 | S38: 47.68 | T38: 1424 | U38: 15.64 | V38: 1636 | W38: 52.74 | X38: 1466 | Y38: 47.26 | Z38: 3102 | AA38: 34.08 | AB38: 1862 | AC38: 46.33 | AD38: 2157 | AE38: 53.67 | AF38: 4019 | AG38: 44.15 | AH38: 0 | AI38: 0 | AJ38: 0 | AK38: 0 | AL38: 0 | AM38: 0 | AN38: 9103
B39: 3 | C39: I - INDIA | D39: 45 | E39: 51.14 | F39: 43 | G39: 48.86 | H39: 88 | I39: 2.19 | J39: 108 | K39: 55.96 | L39: 85 | M39: 44.04 | N39: 193 | O39: 4.8 | P39: 457 | Q39: 48.98 | R39: 476 | S39: 51.02 | T39: 933 | U39: 23.21 | V39: 663 | W39: 49.04 | X39: 689 | Y39: 50.96 | Z39: 1352 | AA39: 33.64 | AB39: 631 | AC39: 43.43 | AD39: 822 | AE39: 56.57 | AF39: 1453 | AG39: 36.15 | AH39: 0 | AI39: 0 | AJ39: 0 | AK39: 0 | AL39: 0 | AM39: 0 | AN39: 4019
B40: 4 | C40: L - LAIN-LAIN | D40: 0 | E40: 0 | F40: 0 | G40: 0 | H40: 0 | I40: 0 | J40: 0 | K40: 0 | L40: 0 | M40: 0 | N40: 0 | O40: 0 | P40: 3 | Q40: 100 | R40: 0 | S40: 0 | T40: 3 | U40: 30 | V40: 3 | W40: 60 | X40: 2 | Y40: 40 | Z40: 5 | AA40: 50 | AB40: 0 | AC40: 0 | AD40: 2 | AE40: 100 | AF40: 2 | AG40: 20 | AH40: 0 | AI40: 0 | AJ40: 0 | AK40: 0 | AL40: 0 | AM40: 0 | AN40: 10
B41: Jumlah | D41: 261 | E41: 53.93 | F41: 223 | G41: 46.07 | H41: 484 | I41: 2.47 | J41: 650 | K41: 58.09 | L41: 469 | M41: 41.91 | N41: 1119 | O41: 5.71 | P41: 2756 | Q41: 54.54 | R41: 2297 | S41: 45.46 | T41: 5053 | U41: 25.77 | V41: 3272 | W41: 50.02 | X41: 3269 | Y41: 49.98 | Z41: 6541 | AA41: 33.36 | AB41: 2896 | AC41: 45.17 | AD41: 3515 | AE41: 54.83 | AF41: 6411 | AG41: 32.7 | AH41: 0 | AI41: 0 | AJ41: 0 | AK41: 0 | AL41: 0 | AM41: 0 | AN41: 19608
B44: Negeri | C44: : | D44: 05 - NEGERI SEMBILAN
B45: Parlimen | C45: : | D45: 130 - RASAH
B46: DUN | C46: : | D46: 23 - MAMBAU
B47: Umur Pada | C47: : | D47: 46184
B48: Bil. | C48: Bangsa | D48: 18-20 Thn | J48: 21-25 Thn | P48: 26-40 Thn | V48: 41-60 Thn | AB48: 61-999 Thn | AH48: Tak Diketahui | AN48: Jumlah
D49: Lelaki | F49: Wanita | H49: Jumlah | J49: Lelaki | L49: Wanita | N49: Jumlah | P49: Lelaki | R49: Wanita | T49: Jumlah | V49: Lelaki | X49: Wanita | Z49: Jumlah | AB49: Lelaki | AD49: Wanita | AF49: Jumlah | AH49: Lelaki | AJ49: Wanita | AL49: Jumlah
D50: Bil | E50: % | F50: Bil | G50: % | H50: Bil | I50: % | J50: Bil | K50: % | L50: Bil | M50: % | N50: Bil | O50: % | P50: Bil | Q50: % | R50: Bil | S50: % | T50: Bil | U50: % | V50: Bil | W50: % | X50: Bil | Y50: % | Z50: Bil | AA50: % | AB50: Bil | AC50: % | AD50: Bil | AE50: % | AF50: Bil | AG50: % | AH50: Bil | AI50: % | AJ50: Bil | AK50: % | AL50: Bil | AM50: %
B51: 1 | C51: M - MELAYU | D51: 156 | E51: 51.49 | F51: 147 | G51: 48.51 | H51: 303 | I51: 6.61 | J51: 261 | K51: 51.38 | L51: 247 | M51: 48.62 | N51: 508 | O51: 11.09 | P51: 827 | Q51: 51.72 | R51: 772 | S51: 48.28 | T51: 1599 | U51: 34.91 | V51: 658 | W51: 48.7 | X51: 693 | Y51: 51.3 | Z51: 1351 | AA51: 29.49 | AB51: 323 | AC51: 39.39 | AD51: 497 | AE51: 60.61 | AF51: 820 | AG51: 17.9 | AH51: 0 | AI51: 0 | AJ51: 0 | AK51: 0 | AL51: 0 | AM51: 0 | AN51: 4581
B52: 2 | C52: C - CINA | D52: 331 | E52: 51.64 | F52: 310 | G52: 48.36 | H52: 641 | I52: 3.47 | J52: 662 | K52: 49.33 | L52: 680 | M52: 50.67 | N52: 1342 | O52: 7.27 | P52: 2803 | Q52: 51.09 | R52: 2683 | S52: 48.91 | T52: 5486 | U52: 29.72 | V52: 3297 | W52: 50.03 | X52: 3293 | Y52: 49.97 | Z52: 6590 | AA52: 35.7 | AB52: 1956 | AC52: 44.47 | AD52: 2442 | AE52: 55.53 | AF52: 4398 | AG52: 23.83 | AH52: 0 | AI52: 0 | AJ52: 0 | AK52: 0 | AL52: 0 | AM52: 0 | AN52: 18457
B53: 3 | C53: I - INDIA | D53: 142 | E53: 55.25 | F53: 115 | G53: 44.75 | H53: 257 | I53: 3.54 | J53: 315 | K53: 53.39 | L53: 275 | M53: 46.61 | N53: 590 | O53: 8.13 | P53: 1113 | Q53: 49.87 | R53: 1119 | S53: 50.13 | T53: 2232 | U53: 30.76 | V53: 1171 | W53: 47.47 | X53: 1296 | Y53: 52.53 | Z53: 2467 | AA53: 34 | AB53: 728 | AC53: 42.57 | AD53: 982 | AE53: 57.43 | AF53: 1710 | AG53: 23.57 | AH53: 0 | AI53: 0 | AJ53: 0 | AK53: 0 | AL53: 0 | AM53: 0 | AN53: 7256
B54: 4 | C54: L - LAIN-LAIN | D54: 1 | E54: 100 | F54: 0 | G54: 0 | H54: 1 | I54: 4.55 | J54: 1 | K54: 50 | L54: 1 | M54: 50 | N54: 2 | O54: 9.09 | P54: 6 | Q54: 75 | R54: 2 | S54: 25 | T54: 8 | U54: 36.36 | V54: 6 | W54: 85.71 | X54: 1 | Y54: 14.29 | Z54: 7 | AA54: 31.82 | AB54: 3 | AC54: 75 | AD54: 1 | AE54: 25 | AF54: 4 | AG54: 18.18 | AH54: 0 | AI54: 0 | AJ54: 0 | AK54: 0 | AL54: 0 | AM54: 0 | AN54: 22
B55: Jumlah | D55: 630 | E55: 52.41 | F55: 572 | G55: 47.59 | H55: 1202 | I55: 3.96 | J55: 1239 | K55: 50.74 | L55: 1203 | M55: 49.26 | N55: 2442 | O55: 8.06 | P55: 4749 | Q55: 50.93 | R55: 4576 | S55: 49.07 | T55: 9325 | U55: 30.76 | V55: 5132 | W55: 49.28 | X55: 5283 | Y55: 50.72 | Z55: 10415 | AA55: 34.35 | AB55: 3010 | AC55: 43.42 | AD55: 3922 | AE55: 56.58 | AF55: 6932 | AG55: 22.87 | AH55: 0 | AI55: 0 | AJ55: 0 | AK55: 0 | AL55: 0 | AM55: 0 | AN55: 30316
B58: Negeri | C58: : | D58: 05 - NEGERI SEMBILAN
B59: Parlimen | C59: : | D59: 130 - RASAH
B60: DUN | C60: : | D60: 24 - SEREMBAN JAYA
B61: Umur Pada | C61: : | D61: 46184
B62: Bil. | C62: Bangsa | D62: 18-20 Thn | J62: 21-25 Thn | P62: 26-40 Thn | V62: 41-60 Thn | AB62: 61-999 Thn | AH62: Tak Diketahui | AN62: Jumlah
D63: Lelaki | F63: Wanita | H63: Jumlah | J63: Lelaki | L63: Wanita | N63: Jumlah | P63: Lelaki | R63: Wanita | T63: Jumlah | V63: Lelaki | X63: Wanita | Z63: Jumlah | AB63: Lelaki | AD63: Wanita | AF63: Jumlah | AH63: Lelaki | AJ63: Wanita | AL63: Jumlah
D64: Bil | E64: % | F64: Bil | G64: % | H64: Bil | I64: % | J64: Bil | K64: % | L64: Bil | M64: % | N64: Bil | O64: % | P64: Bil | Q64: % | R64: Bil | S64: % | T64: Bil | U64: % | V64: Bil | W64: % | X64: Bil | Y64: % | Z64: Bil | AA64: % | AB64: Bil | AC64: % | AD64: Bil | AE64: % | AF64: Bil | AG64: % | AH64: Bil | AI64: % | AJ64: Bil | AK64: % | AL64: Bil | AM64: %
B65: 1 | C65: M - MELAYU | D65: 275 | E65: 50.83 | F65: 266 | G65: 49.17 | H65: 541 | I65: 6.16 | J65: 642 | K65: 51.98 | L65: 593 | M65: 48.02 | N65: 1235 | O65: 14.06 | P65: 1825 | Q65: 47.7 | R65: 2001 | S65: 52.3 | T65: 3826 | U65: 43.57 | V65: 883 | W65: 43.89 | X65: 1129 | Y65: 56.11 | Z65: 2012 | AA65: 22.91 | AB65: 538 | AC65: 46.1 | AD65: 629 | AE65: 53.9 | AF65: 1167 | AG65: 13.29 | AH65: 0 | AI65: 0 | AJ65: 0 | AK65: 0 | AL65: 0 | AM65: 0 | AN65: 8781
B66: 2 | C66: C - CINA | D66: 354 | E66: 51.08 | F66: 339 | G66: 48.92 | H66: 693 | I66: 4.48 | J66: 814 | K66: 53.1 | L66: 719 | M66: 46.9 | N66: 1533 | O66: 9.92 | P66: 2301 | Q66: 50.86 | R66: 2223 | S66: 49.14 | T66: 4524 | U66: 29.27 | V66: 2699 | W66: 50.79 | X66: 2615 | Y66: 49.21 | Z66: 5314 | AA66: 34.38 | AB66: 1542 | AC66: 45.46 | AD66: 1850 | AE66: 54.54 | AF66: 3392 | AG66: 21.95 | AH66: 0 | AI66: 0 | AJ66: 0 | AK66: 0 | AL66: 0 | AM66: 0 | AN66: 15456
B67: 3 | C67: I - INDIA | D67: 242 | E67: 50.52 | F67: 237 | G67: 49.48 | H67: 479 | I67: 5.54 | J67: 539 | K67: 50.33 | L67: 532 | M67: 49.67 | N67: 1071 | O67: 12.38 | P67: 1458 | Q67: 48.83 | R67: 1528 | S67: 51.17 | T67: 2986 | U67: 34.5 | V67: 1373 | W67: 46.99 | X67: 1549 | Y67: 53.01 | Z67: 2922 | AA67: 33.76 | AB67: 528 | AC67: 44.15 | AD67: 668 | AE67: 55.85 | AF67: 1196 | AG67: 13.82 | AH67: 0 | AI67: 0 | AJ67: 0 | AK67: 0 | AL67: 0 | AM67: 0 | AN67: 8654
B68: 4 | C68: L - LAIN-LAIN | D68: 0 | E68: 0 | F68: 0 | G68: 0 | H68: 0 | I68: 0 | J68: 0 | K68: 0 | L68: 1 | M68: 100 | N68: 1 | O68: 12.5 | P68: 4 | Q68: 100 | R68: 0 | S68: 0 | T68: 4 | U68: 50 | V68: 1 | W68: 50 | X68: 1 | Y68: 50 | Z68: 2 | AA68: 25 | AB68: 0 | AC68: 0 | AD68: 1 | AE68: 100 | AF68: 1 | AG68: 12.5 | AH68: 0 | AI68: 0 | AJ68: 0 | AK68: 0 | AL68: 0 | AM68: 0 | AN68: 8
B69: Jumlah | D69: 871 | E69: 50.85 | F69: 842 | G69: 49.15 | H69: 1713 | I69: 5.21 | J69: 1995 | K69: 51.95 | L69: 1845 | M69: 48.05 | N69: 3840 | O69: 11.67 | P69: 5588 | Q69: 49.28 | R69: 5752 | S69: 50.72 | T69: 11340 | U69: 34.47 | V69: 4956 | W69: 48.35 | X69: 5294 | Y69: 51.65 | Z69: 10250 | AA69: 31.16 | AB69: 2608 | AC69: 45.31 | AD69: 3148 | AE69: 54.69 | AF69: 5756 | AG69: 17.5 | AH69: 0 | AI69: 0 | AJ69: 0 | AK69: 0 | AL69: 0 | AM69: 0 | AN69: 32899

Sheet Rembau
B2: Negeri | C2: : | D2: 05 - NEGERI SEMBILAN
B3: Parlimen | C3: : | D3: 131 - REMBAU
B4: DUN | C4: : | D4: 25 - PAROI
B5: Umur Pada | C5: : | D5: 46184
B6: Bil. | C6: Bangsa | D6: 18-20 Thn | J6: 21-25 Thn | P6: 26-40 Thn | V6: 41-60 Thn | AB6: 61-999 Thn | AH6: Tak Diketahui | AN6: Jumlah
D7: Lelaki | F7: Wanita | H7: Jumlah | J7: Lelaki | L7: Wanita | N7: Jumlah | P7: Lelaki | R7: Wanita | T7: Jumlah | V7: Lelaki | X7: Wanita | Z7: Jumlah | AB7: Lelaki | AD7: Wanita | AF7: Jumlah | AH7: Lelaki | AJ7: Wanita | AL7: Jumlah
D8: Bil | E8: % | F8: Bil | G8: % | H8: Bil | I8: % | J8: Bil | K8: % | L8: Bil | M8: % | N8: Bil | O8: % | P8: Bil | Q8: % | R8: Bil | S8: % | T8: Bil | U8: % | V8: Bil | W8: % | X8: Bil | Y8: % | Z8: Bil | AA8: % | AB8: Bil | AC8: % | AD8: Bil | AE8: % | AF8: Bil | AG8: % | AH8: Bil | AI8: % | AJ8: Bil | AK8: % | AL8: Bil | AM8: %
B9: 1 | C9: M - MELAYU | D9: 1944 | E9: 52.68 | F9: 1746 | G9: 47.32 | H9: 3690 | I9: 7.15 | J9: 3937 | K9: 51.52 | L9: 3705 | M9: 48.48 | N9: 7642 | O9: 14.81 | P9: 10220 | Q9: 50.7 | R9: 9938 | S9: 49.3 | T9: 20158 | U9: 39.06 | V9: 6280 | W9: 46.33 | X9: 7274 | Y9: 53.67 | Z9: 13554 | AA9: 26.27 | AB9: 3068 | AC9: 46.78 | AD9: 3490 | AE9: 53.22 | AF9: 6558 | AG9: 12.71 | AH9: 0 | AI9: 0 | AJ9: 0 | AK9: 0 | AL9: 0 | AM9: 0 | AN9: 51602
B10: 2 | C10: C - CINA | D10: 115 | E10: 55.02 | F10: 94 | G10: 44.98 | H10: 209 | I10: 4.74 | J10: 255 | K10: 50.4 | L10: 251 | M10: 49.6 | N10: 506 | O10: 11.48 | P10: 570 | Q10: 50.4 | R10: 561 | S10: 49.6 | T10: 1131 | U10: 25.67 | V10: 708 | W10: 48.76 | X10: 744 | Y10: 51.24 | Z10: 1452 | AA10: 32.96 | AB10: 501 | AC10: 45.22 | AD10: 607 | AE10: 54.78 | AF10: 1108 | AG10: 25.15 | AH10: 0 | AI10: 0 | AJ10: 0 | AK10: 0 | AL10: 0 | AM10: 0 | AN10: 4406
B11: 3 | C11: I - INDIA | D11: 223 | E11: 50.68 | F11: 217 | G11: 49.32 | H11: 440 | I11: 5.13 | J11: 503 | K11: 50.6 | L11: 491 | M11: 49.4 | N11: 994 | O11: 11.6 | P11: 1373 | Q11: 48.83 | R11: 1439 | S11: 51.17 | T11: 2812 | U11: 32.81 | V11: 1293 | W11: 45.71 | X11: 1536 | Y11: 54.29 | Z11: 2829 | AA11: 33.01 | AB11: 654 | AC11: 43.75 | AD11: 841 | AE11: 56.25 | AF11: 1495 | AG11: 17.44 | AH11: 0 | AI11: 0 | AJ11: 0 | AK11: 0 | AL11: 0 | AM11: 0 | AN11: 8570
B12: 4 | C12: L - LAIN-LAIN | D12: 2 | E12: 66.67 | F12: 1 | G12: 33.33 | H12: 3 | I12: 75 | J12: 0 | K12: 0 | L12: 0 | M12: 0 | N12: 0 | O12: 0 | P12: 0 | Q12: 0 | R12: 0 | S12: 0 | T12: 0 | U12: 0 | V12: 0 | W12: 0 | X12: 0 | Y12: 0 | Z12: 0 | AA12: 0 | AB12: 0 | AC12: 0 | AD12: 1 | AE12: 100 | AF12: 1 | AG12: 25 | AH12: 0 | AI12: 0 | AJ12: 0 | AK12: 0 | AL12: 0 | AM12: 0 | AN12: 4
B13: Jumlah | D13: 2284 | E13: 52.6 | F13: 2058 | G13: 47.4 | H13: 4342 | I13: 6.72 | J13: 4695 | K13: 51.36 | L13: 4447 | M13: 48.64 | N13: 9142 | O13: 14.16 | P13: 12163 | Q13: 50.47 | R13: 11938 | S13: 49.53 | T13: 24101 | U13: 37.32 | V13: 8281 | W13: 46.43 | X13: 9554 | Y13: 53.57 | Z13: 17835 | AA13: 27.62 | AB13: 4223 | AC13: 46.09 | AD13: 4939 | AE13: 53.91 | AF13: 9162 | AG13: 14.19 | AH13: 0 | AI13: 0 | AJ13: 0 | AK13: 0 | AL13: 0 | AM13: 0 | AN13: 64582
B16: Negeri | C16: : | D16: 05 - NEGERI SEMBILAN
B17: Parlimen | C17: : | D17: 131 - REMBAU
B18: DUN | C18: : | D18: 26 - CHEMBONG
B19: Umur Pada | C19: : | D19: 46184
B20: Bil. | C20: Bangsa | D20: 18-20 Thn | J20: 21-25 Thn | P20: 26-40 Thn | V20: 41-60 Thn | AB20: 61-999 Thn | AH20: Tak Diketahui | AN20: Jumlah
D21: Lelaki | F21: Wanita | H21: Jumlah | J21: Lelaki | L21: Wanita | N21: Jumlah | P21: Lelaki | R21: Wanita | T21: Jumlah | V21: Lelaki | X21: Wanita | Z21: Jumlah | AB21: Lelaki | AD21: Wanita | AF21: Jumlah | AH21: Lelaki | AJ21: Wanita | AL21: Jumlah
D22: Bil | E22: % | F22: Bil | G22: % | H22: Bil | I22: % | J22: Bil | K22: % | L22: Bil | M22: % | N22: Bil | O22: % | P22: Bil | Q22: % | R22: Bil | S22: % | T22: Bil | U22: % | V22: Bil | W22: % | X22: Bil | Y22: % | Z22: Bil | AA22: % | AB22: Bil | AC22: % | AD22: Bil | AE22: % | AF22: Bil | AG22: % | AH22: Bil | AI22: % | AJ22: Bil | AK22: % | AL22: Bil | AM22: %
B23: 1 | C23: M - MELAYU | D23: 624 | E23: 52.75 | F23: 559 | G23: 47.25 | H23: 1183 | I23: 5.34 | J23: 1248 | K23: 48.94 | L23: 1302 | M23: 51.06 | N23: 2550 | O23: 11.51 | P23: 3978 | Q23: 50.79 | R23: 3855 | S23: 49.21 | T23: 7833 | U23: 35.35 | V23: 3107 | W23: 48.65 | X23: 3279 | Y23: 51.35 | Z23: 6386 | AA23: 28.82 | AB23: 1821 | AC23: 43.31 | AD23: 2384 | AE23: 56.69 | AF23: 4205 | AG23: 18.98 | AH23: 0 | AI23: 0 | AJ23: 0 | AK23: 0 | AL23: 0 | AM23: 0 | AN23: 22157
B24: 2 | C24: C - CINA | D24: 38 | E24: 51.35 | F24: 36 | G24: 48.65 | H24: 74 | I24: 3.96 | J24: 102 | K24: 52.85 | L24: 91 | M24: 47.15 | N24: 193 | O24: 10.33 | P24: 246 | Q24: 51.79 | R24: 229 | S24: 48.21 | T24: 475 | U24: 25.43 | V24: 298 | W24: 51.56 | X24: 280 | Y24: 48.44 | Z24: 578 | AA24: 30.94 | AB24: 259 | AC24: 47.26 | AD24: 289 | AE24: 52.74 | AF24: 548 | AG24: 29.34 | AH24: 0 | AI24: 0 | AJ24: 0 | AK24: 0 | AL24: 0 | AM24: 0 | AN24: 1868
B25: 3 | C25: I - INDIA | D25: 64 | E25: 57.66 | F25: 47 | G25: 42.34 | H25: 111 | I25: 4.6 | J25: 114 | K25: 46.34 | L25: 132 | M25: 53.66 | N25: 246 | O25: 10.19 | P25: 389 | Q25: 48.69 | R25: 410 | S25: 51.31 | T25: 799 | U25: 33.1 | V25: 367 | W25: 44.92 | X25: 450 | Y25: 55.08 | Z25: 817 | AA25: 33.84 | AB25: 187 | AC25: 42.4 | AD25: 254 | AE25: 57.6 | AF25: 441 | AG25: 18.27 | AH25: 0 | AI25: 0 | AJ25: 0 | AK25: 0 | AL25: 0 | AM25: 0 | AN25: 2414
B26: 4 | C26: L - LAIN-LAIN | D26: 0 | E26: 0 | F26: 0 | G26: 0 | H26: 0 | I26: 0 | J26: 0 | K26: 0 | L26: 0 | M26: 0 | N26: 0 | O26: 0 | P26: 1 | Q26: 100 | R26: 0 | S26: 0 | T26: 1 | U26: 100 | V26: 0 | W26: 0 | X26: 0 | Y26: 0 | Z26: 0 | AA26: 0 | AB26: 0 | AC26: 0 | AD26: 0 | AE26: 0 | AF26: 0 | AG26: 0 | AH26: 0 | AI26: 0 | AJ26: 0 | AK26: 0 | AL26: 0 | AM26: 0 | AN26: 1
B27: Jumlah | D27: 726 | E27: 53.07 | F27: 642 | G27: 46.93 | H27: 1368 | I27: 5.17 | J27: 1464 | K27: 48.98 | L27: 1525 | M27: 51.02 | N27: 2989 | O27: 11.3 | P27: 4614 | Q27: 50.66 | R27: 4494 | S27: 49.34 | T27: 9108 | U27: 34.45 | V27: 3772 | W27: 48.48 | X27: 4009 | Y27: 51.52 | Z27: 7781 | AA27: 29.43 | AB27: 2267 | AC27: 43.65 | AD27: 2927 | AE27: 56.35 | AF27: 5194 | AG27: 19.64 | AH27: 0 | AI27: 0 | AJ27: 0 | AK27: 0 | AL27: 0 | AM27: 0 | AN27: 26440
B30: Negeri | C30: : | D30: 05 - NEGERI SEMBILAN
B31: Parlimen | C31: : | D31: 131 - REMBAU
B32: DUN | C32: : | D32: 27 - RANTAU
B33: Umur Pada | C33: : | D33: 46184
B34: Bil. | C34: Bangsa | D34: 18-20 Thn | J34: 21-25 Thn | P34: 26-40 Thn | V34: 41-60 Thn | AB34: 61-999 Thn | AH34: Tak Diketahui | AN34: Jumlah
D35: Lelaki | F35: Wanita | H35: Jumlah | J35: Lelaki | L35: Wanita | N35: Jumlah | P35: Lelaki | R35: Wanita | T35: Jumlah | V35: Lelaki | X35: Wanita | Z35: Jumlah | AB35: Lelaki | AD35: Wanita | AF35: Jumlah | AH35: Lelaki | AJ35: Wanita | AL35: Jumlah
D36: Bil | E36: % | F36: Bil | G36: % | H36: Bil | I36: % | J36: Bil | K36: % | L36: Bil | M36: % | N36: Bil | O36: % | P36: Bil | Q36: % | R36: Bil | S36: % | T36: Bil | U36: % | V36: Bil | W36: % | X36: Bil | Y36: % | Z36: Bil | AA36: % | AB36: Bil | AC36: % | AD36: Bil | AE36: % | AF36: Bil | AG36: % | AH36: Bil | AI36: % | AJ36: Bil | AK36: % | AL36: Bil | AM36: %
B37: 1 | C37: M - MELAYU | D37: 596 | E37: 48.14 | F37: 642 | G37: 51.86 | H37: 1238 | I37: 6.16 | J37: 1208 | K37: 53.12 | L37: 1066 | M37: 46.88 | N37: 2274 | O37: 11.32 | P37: 3525 | Q37: 51.05 | R37: 3380 | S37: 48.95 | T37: 6905 | U37: 34.38 | V37: 3292 | W37: 50.72 | X37: 3199 | Y37: 49.28 | Z37: 6491 | AA37: 32.32 | AB37: 1415 | AC37: 44.52 | AD37: 1763 | AE37: 55.48 | AF37: 3178 | AG37: 15.82 | AH37: 0 | AI37: 0 | AJ37: 0 | AK37: 0 | AL37: 0 | AM37: 0 | AN37: 20086
B38: 2 | C38: C - CINA | D38: 175 | E38: 54.18 | F38: 148 | G38: 45.82 | H38: 323 | I38: 5.68 | J38: 295 | K38: 52.3 | L38: 269 | M38: 47.7 | N38: 564 | O38: 9.91 | P38: 834 | Q38: 52.52 | R38: 754 | S38: 47.48 | T38: 1588 | U38: 27.91 | V38: 1009 | W38: 53.27 | X38: 885 | Y38: 46.73 | Z38: 1894 | AA38: 33.29 | AB38: 660 | AC38: 49.96 | AD38: 661 | AE38: 50.04 | AF38: 1321 | AG38: 23.22 | AH38: 0 | AI38: 0 | AJ38: 0 | AK38: 0 | AL38: 0 | AM38: 0 | AN38: 5690
B39: 3 | C39: I - INDIA | D39: 216 | E39: 48.98 | F39: 225 | G39: 51.02 | H39: 441 | I39: 4.98 | J39: 465 | K39: 52.19 | L39: 426 | M39: 47.81 | N39: 891 | O39: 10.07 | P39: 1585 | Q39: 50.98 | R39: 1524 | S39: 49.02 | T39: 3109 | U39: 35.12 | V39: 1394 | W39: 48.19 | X39: 1499 | Y39: 51.81 | Z39: 2893 | AA39: 32.68 | AB39: 629 | AC39: 41.44 | AD39: 889 | AE39: 58.56 | AF39: 1518 | AG39: 17.15 | AH39: 0 | AI39: 0 | AJ39: 0 | AK39: 0 | AL39: 0 | AM39: 0 | AN39: 8852
B40: 4 | C40: L - LAIN-LAIN | D40: 1 | E40: 50 | F40: 1 | G40: 50 | H40: 2 | I40: 25 | J40: 2 | K40: 100 | L40: 0 | M40: 0 | N40: 2 | O40: 25 | P40: 1 | Q40: 50 | R40: 1 | S40: 50 | T40: 2 | U40: 25 | V40: 1 | W40: 100 | X40: 0 | Y40: 0 | Z40: 1 | AA40: 12.5 | AB40: 0 | AC40: 0 | AD40: 1 | AE40: 100 | AF40: 1 | AG40: 12.5 | AH40: 0 | AI40: 0 | AJ40: 0 | AK40: 0 | AL40: 0 | AM40: 0 | AN40: 8
B41: Jumlah | D41: 988 | E41: 49.3 | F41: 1016 | G41: 50.7 | H41: 2004 | I41: 5.79 | J41: 1970 | K41: 52.8 | L41: 1761 | M41: 47.2 | N41: 3731 | O41: 10.77 | P41: 5945 | Q41: 51.23 | R41: 5659 | S41: 48.77 | T41: 11604 | U41: 33.5 | V41: 5696 | W41: 50.5 | X41: 5583 | Y41: 49.5 | Z41: 11279 | AA41: 32.56 | AB41: 2704 | AC41: 44.93 | AD41: 3314 | AE41: 55.07 | AF41: 6018 | AG41: 17.37 | AH41: 0 | AI41: 0 | AJ41: 0 | AK41: 0 | AL41: 0 | AM41: 0 | AN41: 34636
B44: Negeri | C44: : | D44: 05 - NEGERI SEMBILAN
B45: Parlimen | C45: : | D45: 131 - REMBAU
B46: DUN | C46: : | D46: 28 - KOTA
B47: Umur Pada | C47: : | D47: 46184
B48: Bil. | C48: Bangsa | D48: 18-20 Thn | J48: 21-25 Thn | P48: 26-40 Thn | V48: 41-60 Thn | AB48: 61-999 Thn | AH48: Tak Diketahui | AN48: Jumlah
D49: Lelaki | F49: Wanita | H49: Jumlah | J49: Lelaki | L49: Wanita | N49: Jumlah | P49: Lelaki | R49: Wanita | T49: Jumlah | V49: Lelaki | X49: Wanita | Z49: Jumlah | AB49: Lelaki | AD49: Wanita | AF49: Jumlah | AH49: Lelaki | AJ49: Wanita | AL49: Jumlah
D50: Bil | E50: % | F50: Bil | G50: % | H50: Bil | I50: % | J50: Bil | K50: % | L50: Bil | M50: % | N50: Bil | O50: % | P50: Bil | Q50: % | R50: Bil | S50: % | T50: Bil | U50: % | V50: Bil | W50: % | X50: Bil | Y50: % | Z50: Bil | AA50: % | AB50: Bil | AC50: % | AD50: Bil | AE50: % | AF50: Bil | AG50: % | AH50: Bil | AI50: % | AJ50: Bil | AK50: % | AL50: Bil | AM50: %
B51: 1 | C51: M - MELAYU | D51: 319 | E51: 51.2 | F51: 304 | G51: 48.8 | H51: 623 | I51: 4.2 | J51: 606 | K51: 52.02 | L51: 559 | M51: 47.98 | N51: 1165 | O51: 7.86 | P51: 2271 | Q51: 50.66 | R51: 2212 | S51: 49.34 | T51: 4483 | U51: 30.25 | V51: 2478 | W51: 50.21 | X51: 2457 | Y51: 49.79 | Z51: 4935 | AA51: 33.3 | AB51: 1534 | AC51: 42.43 | AD51: 2081 | AE51: 57.57 | AF51: 3615 | AG51: 24.39 | AH51: 0 | AI51: 0 | AJ51: 0 | AK51: 0 | AL51: 0 | AM51: 0 | AN51: 14821
B52: 2 | C52: C - CINA | D52: 21 | E52: 50 | F52: 21 | G52: 50 | H52: 42 | I52: 3.6 | J52: 55 | K52: 54.46 | L52: 46 | M52: 45.54 | N52: 101 | O52: 8.65 | P52: 152 | Q52: 56.3 | R52: 118 | S52: 43.7 | T52: 270 | U52: 23.14 | V52: 208 | W52: 53.2 | X52: 183 | Y52: 46.8 | Z52: 391 | AA52: 33.5 | AB52: 174 | AC52: 47.93 | AD52: 189 | AE52: 52.07 | AF52: 363 | AG52: 31.11 | AH52: 0 | AI52: 0 | AJ52: 0 | AK52: 0 | AL52: 0 | AM52: 0 | AN52: 1167
B53: 3 | C53: I - INDIA | D53: 20 | E53: 48.78 | F53: 21 | G53: 51.22 | H53: 41 | I53: 5.53 | J53: 40 | K53: 51.95 | L53: 37 | M53: 48.05 | N53: 77 | O53: 10.38 | P53: 114 | Q53: 50.67 | R53: 111 | S53: 49.33 | T53: 225 | U53: 30.32 | V53: 134 | W53: 51.34 | X53: 127 | Y53: 48.66 | Z53: 261 | AA53: 35.18 | AB53: 60 | AC53: 43.48 | AD53: 78 | AE53: 56.52 | AF53: 138 | AG53: 18.6 | AH53: 0 | AI53: 0 | AJ53: 0 | AK53: 0 | AL53: 0 | AM53: 0 | AN53: 742
B54: 4 | C54: L - LAIN-LAIN | D54: 0 | E54: 0 | F54: 0 | G54: 0 | H54: 0 | I54: 0 | J54: 0 | K54: 0 | L54: 0 | M54: 0 | N54: 0 | O54: 0 | P54: 0 | Q54: 0 | R54: 0 | S54: 0 | T54: 0 | U54: 0 | V54: 0 | W54: 0 | X54: 0 | Y54: 0 | Z54: 0 | AA54: 0 | AB54: 0 | AC54: 0 | AD54: 0 | AE54: 0 | AF54: 0 | AG54: 0 | AH54: 0 | AI54: 0 | AJ54: 0 | AK54: 0 | AL54: 0 | AM54: 0 | AN54: 0
B55: Jumlah | D55: 360 | E55: 50.99 | F55: 346 | G55: 49.01 | H55: 706 | I55: 4.22 | J55: 701 | K55: 52.2 | L55: 642 | M55: 47.8 | N55: 1343 | O55: 8.03 | P55: 2537 | Q55: 50.96 | R55: 2441 | S55: 49.04 | T55: 4978 | U55: 29.75 | V55: 2820 | W55: 50.47 | X55: 2767 | Y55: 49.53 | Z55: 5587 | AA55: 33.4 | AB55: 1768 | AC55: 42.95 | AD55: 2348 | AE55: 57.05 | AF55: 4116 | AG55: 24.6 | AH55: 0 | AI55: 0 | AJ55: 0 | AK55: 0 | AL55: 0 | AM55: 0 | AN55: 16730

Sheet Port Dickson
B2: Negeri | C2: : | D2: 05 - NEGERI SEMBILAN
B3: Parlimen | C3: : | D3: 132 - PORT DICKSON
B4: DUN | C4: : | D4: 29 - CHUAH
B5: Umur Pada | C5: : | D5: 46184
B6: Bil. | C6: Bangsa | D6: 18-20 Thn | J6: 21-25 Thn | P6: 26-40 Thn | V6: 41-60 Thn | AB6: 61-999 Thn | AH6: Tak Diketahui | AN6: Jumlah
D7: Lelaki | F7: Wanita | H7: Jumlah | J7: Lelaki | L7: Wanita | N7: Jumlah | P7: Lelaki | R7: Wanita | T7: Jumlah | V7: Lelaki | X7: Wanita | Z7: Jumlah | AB7: Lelaki | AD7: Wanita | AF7: Jumlah | AH7: Lelaki | AJ7: Wanita | AL7: Jumlah
D8: Bil | E8: % | F8: Bil | G8: % | H8: Bil | I8: % | J8: Bil | K8: % | L8: Bil | M8: % | N8: Bil | O8: % | P8: Bil | Q8: % | R8: Bil | S8: % | T8: Bil | U8: % | V8: Bil | W8: % | X8: Bil | Y8: % | Z8: Bil | AA8: % | AB8: Bil | AC8: % | AD8: Bil | AE8: % | AF8: Bil | AG8: % | AH8: Bil | AI8: % | AJ8: Bil | AK8: % | AL8: Bil | AM8: %
B9: 1 | C9: M - MELAYU | D9: 114 | E9: 52.29 | F9: 104 | G9: 47.71 | H9: 218 | I9: 5.69 | J9: 205 | K9: 47.56 | L9: 226 | M9: 52.44 | N9: 431 | O9: 11.25 | P9: 702 | Q9: 54.72 | R9: 581 | S9: 45.28 | T9: 1283 | U9: 33.49 | V9: 626 | W9: 51.14 | X9: 598 | Y9: 48.86 | Z9: 1224 | AA9: 31.95 | AB9: 295 | AC9: 43.7 | AD9: 380 | AE9: 56.3 | AF9: 675 | AG9: 17.62 | AH9: 0 | AI9: 0 | AJ9: 0 | AK9: 0 | AL9: 0 | AM9: 0 | AN9: 3831
B10: 2 | C10: C - CINA | D10: 141 | E10: 51.46 | F10: 133 | G10: 48.54 | H10: 274 | I10: 3.35 | J10: 283 | K10: 53.2 | L10: 249 | M10: 46.8 | N10: 532 | O10: 6.5 | P10: 1113 | Q10: 52.92 | R10: 990 | S10: 47.08 | T10: 2103 | U10: 25.69 | V10: 1691 | W10: 54.92 | X10: 1388 | Y10: 45.08 | Z10: 3079 | AA10: 37.61 | AB10: 1051 | AC10: 47.82 | AD10: 1147 | AE10: 52.18 | AF10: 2198 | AG10: 26.85 | AH10: 0 | AI10: 0 | AJ10: 0 | AK10: 0 | AL10: 0 | AM10: 0 | AN10: 8186
B11: 3 | C11: I - INDIA | D11: 50 | E11: 47.17 | F11: 56 | G11: 52.83 | H11: 106 | I11: 3.39 | J11: 129 | K11: 51.81 | L11: 120 | M11: 48.19 | N11: 249 | O11: 7.97 | P11: 466 | Q11: 49.68 | R11: 472 | S11: 50.32 | T11: 938 | U11: 30.04 | V11: 550 | W11: 47.95 | X11: 597 | Y11: 52.05 | Z11: 1147 | AA11: 36.73 | AB11: 286 | AC11: 41.87 | AD11: 397 | AE11: 58.13 | AF11: 683 | AG11: 21.87 | AH11: 0 | AI11: 0 | AJ11: 0 | AK11: 0 | AL11: 0 | AM11: 0 | AN11: 3123
B12: 4 | C12: L - LAIN-LAIN | D12: 0 | E12: 0 | F12: 0 | G12: 0 | H12: 0 | I12: 0 | J12: 0 | K12: 0 | L12: 0 | M12: 0 | N12: 0 | O12: 0 | P12: 0 | Q12: 0 | R12: 0 | S12: 0 | T12: 0 | U12: 0 | V12: 0 | W12: 0 | X12: 0 | Y12: 0 | Z12: 0 | AA12: 0 | AB12: 1 | AC12: 100 | AD12: 0 | AE12: 0 | AF12: 1 | AG12: 100 | AH12: 0 | AI12: 0 | AJ12: 0 | AK12: 0 | AL12: 0 | AM12: 0 | AN12: 1
B13: Jumlah | D13: 305 | E13: 51 | F13: 293 | G13: 49 | H13: 598 | I13: 3.95 | J13: 617 | K13: 50.91 | L13: 595 | M13: 49.09 | N13: 1212 | O13: 8 | P13: 2281 | Q13: 52.75 | R13: 2043 | S13: 47.25 | T13: 4324 | U13: 28.56 | V13: 2867 | W13: 52.61 | X13: 2583 | Y13: 47.39 | Z13: 5450 | AA13: 35.99 | AB13: 1633 | AC13: 45.91 | AD13: 1924 | AE13: 54.09 | AF13: 3557 | AG13: 23.49 | AH13: 0 | AI13: 0 | AJ13: 0 | AK13: 0 | AL13: 0 | AM13: 0 | AN13: 15141
B16: Negeri | C16: : | D16: 05 - NEGERI SEMBILAN
B17: Parlimen | C17: : | D17: 132 - PORT DICKSON
B18: DUN | C18: : | D18: 30 - LUKUT
B19: Umur Pada | C19: : | D19: 46184
B20: Bil. | C20: Bangsa | D20: 18-20 Thn | J20: 21-25 Thn | P20: 26-40 Thn | V20: 41-60 Thn | AB20: 61-999 Thn | AH20: Tak Diketahui | AN20: Jumlah
D21: Lelaki | F21: Wanita | H21: Jumlah | J21: Lelaki | L21: Wanita | N21: Jumlah | P21: Lelaki | R21: Wanita | T21: Jumlah | V21: Lelaki | X21: Wanita | Z21: Jumlah | AB21: Lelaki | AD21: Wanita | AF21: Jumlah | AH21: Lelaki | AJ21: Wanita | AL21: Jumlah
D22: Bil | E22: % | F22: Bil | G22: % | H22: Bil | I22: % | J22: Bil | K22: % | L22: Bil | M22: % | N22: Bil | O22: % | P22: Bil | Q22: % | R22: Bil | S22: % | T22: Bil | U22: % | V22: Bil | W22: % | X22: Bil | Y22: % | Z22: Bil | AA22: % | AB22: Bil | AC22: % | AD22: Bil | AE22: % | AF22: Bil | AG22: % | AH22: Bil | AI22: % | AJ22: Bil | AK22: % | AL22: Bil | AM22: %
B23: 1 | C23: M - MELAYU | D23: 283 | E23: 50.99 | F23: 272 | G23: 49.01 | H23: 555 | I23: 7.61 | J23: 523 | K23: 49.29 | L23: 538 | M23: 50.71 | N23: 1061 | O23: 14.55 | P23: 1439 | Q23: 49.79 | R23: 1451 | S23: 50.21 | T23: 2890 | U23: 39.63 | V23: 929 | W23: 47.01 | X23: 1047 | Y23: 52.99 | Z23: 1976 | AA23: 27.1 | AB23: 379 | AC23: 46.79 | AD23: 431 | AE23: 53.21 | AF23: 810 | AG23: 11.11 | AH23: 0 | AI23: 0 | AJ23: 0 | AK23: 0 | AL23: 0 | AM23: 0 | AN23: 7292
B24: 2 | C24: C - CINA | D24: 332 | E24: 52.61 | F24: 299 | G24: 47.39 | H24: 631 | I24: 4.59 | J24: 698 | K24: 52.68 | L24: 627 | M24: 47.32 | N24: 1325 | O24: 9.63 | P24: 2229 | Q24: 53.39 | R24: 1946 | S24: 46.61 | T24: 4175 | U24: 30.34 | V24: 2433 | W24: 51.77 | X24: 2267 | Y24: 48.23 | Z24: 4700 | AA24: 34.15 | AB24: 1396 | AC24: 47.63 | AD24: 1535 | AE24: 52.37 | AF24: 2931 | AG24: 21.3 | AH24: 0 | AI24: 0 | AJ24: 0 | AK24: 0 | AL24: 0 | AM24: 0 | AN24: 13762
B25: 3 | C25: I - INDIA | D25: 165 | E25: 49.11 | F25: 171 | G25: 50.89 | H25: 336 | I25: 4.84 | J25: 412 | K25: 49.28 | L25: 424 | M25: 50.72 | N25: 836 | O25: 12.03 | P25: 1243 | Q25: 49.31 | R25: 1278 | S25: 50.69 | T25: 2521 | U25: 36.28 | V25: 1038 | W25: 45.31 | X25: 1253 | Y25: 54.69 | Z25: 2291 | AA25: 32.97 | AB25: 415 | AC25: 43.01 | AD25: 550 | AE25: 56.99 | AF25: 965 | AG25: 13.89 | AH25: 0 | AI25: 0 | AJ25: 0 | AK25: 0 | AL25: 0 | AM25: 0 | AN25: 6949
B26: 4 | C26: L - LAIN-LAIN | D26: 0 | E26: 0 | F26: 0 | G26: 0 | H26: 0 | I26: 0 | J26: 0 | K26: 0 | L26: 0 | M26: 0 | N26: 0 | O26: 0 | P26: 3 | Q26: 100 | R26: 0 | S26: 0 | T26: 3 | U26: 42.86 | V26: 1 | W26: 33.33 | X26: 2 | Y26: 66.67 | Z26: 3 | AA26: 42.86 | AB26: 1 | AC26: 100 | AD26: 0 | AE26: 0 | AF26: 1 | AG26: 14.29 | AH26: 0 | AI26: 0 | AJ26: 0 | AK26: 0 | AL26: 0 | AM26: 0 | AN26: 7
B27: Jumlah | D27: 780 | E27: 51.25 | F27: 742 | G27: 48.75 | H27: 1522 | I27: 5.43 | J27: 1633 | K27: 50.68 | L27: 1589 | M27: 49.32 | N27: 3222 | O27: 11.5 | P27: 4914 | Q27: 51.25 | R27: 4675 | S27: 48.75 | T27: 9589 | U27: 34.23 | V27: 4401 | W27: 49.06 | X27: 4569 | Y27: 50.94 | Z27: 8970 | AA27: 32.02 | AB27: 2191 | AC27: 46.55 | AD27: 2516 | AE27: 53.45 | AF27: 4707 | AG27: 16.8 | AH27: 0 | AI27: 0 | AJ27: 0 | AK27: 0 | AL27: 0 | AM27: 0 | AN27: 28010
B30: Negeri | C30: : | D30: 05 - NEGERI SEMBILAN
B31: Parlimen | C31: : | D31: 132 - PORT DICKSON
B32: DUN | C32: : | D32: 31 - BAGAN PINANG
B33: Umur Pada | C33: : | D33: 46184
B34: Bil. | C34: Bangsa | D34: 18-20 Thn | J34: 21-25 Thn | P34: 26-40 Thn | V34: 41-60 Thn | AB34: 61-999 Thn | AH34: Tak Diketahui | AN34: Jumlah
D35: Lelaki | F35: Wanita | H35: Jumlah | J35: Lelaki | L35: Wanita | N35: Jumlah | P35: Lelaki | R35: Wanita | T35: Jumlah | V35: Lelaki | X35: Wanita | Z35: Jumlah | AB35: Lelaki | AD35: Wanita | AF35: Jumlah | AH35: Lelaki | AJ35: Wanita | AL35: Jumlah
D36: Bil | E36: % | F36: Bil | G36: % | H36: Bil | I36: % | J36: Bil | K36: % | L36: Bil | M36: % | N36: Bil | O36: % | P36: Bil | Q36: % | R36: Bil | S36: % | T36: Bil | U36: % | V36: Bil | W36: % | X36: Bil | Y36: % | Z36: Bil | AA36: % | AB36: Bil | AC36: % | AD36: Bil | AE36: % | AF36: Bil | AG36: % | AH36: Bil | AI36: % | AJ36: Bil | AK36: % | AL36: Bil | AM36: %
B37: 1 | C37: M - MELAYU | D37: 1566 | E37: 72.13 | F37: 605 | G37: 27.87 | H37: 2171 | I37: 9.84 | J37: 3502 | K37: 72.27 | L37: 1344 | M37: 27.73 | N37: 4846 | O37: 21.96 | P37: 4386 | Q37: 54.69 | R37: 3634 | S37: 45.31 | T37: 8020 | U37: 36.35 | V37: 2576 | W37: 50.7 | X37: 2505 | Y37: 49.3 | Z37: 5081 | AA37: 23.03 | AB37: 961 | AC37: 49.38 | AD37: 985 | AE37: 50.62 | AF37: 1946 | AG37: 8.82 | AH37: 0 | AI37: 0 | AJ37: 0 | AK37: 0 | AL37: 0 | AM37: 0 | AN37: 22064
B38: 2 | C38: C - CINA | D38: 309 | E38: 83.06 | F38: 63 | G38: 16.94 | H38: 372 | I38: 11.03 | J38: 684 | K38: 82.91 | L38: 141 | M38: 17.09 | N38: 825 | O38: 24.46 | P38: 497 | Q38: 61.59 | R38: 310 | S38: 38.41 | T38: 807 | U38: 23.93 | V38: 360 | W38: 52.17 | X38: 330 | Y38: 47.83 | Z38: 690 | AA38: 20.46 | AB38: 334 | AC38: 49.19 | AD38: 345 | AE38: 50.81 | AF38: 679 | AG38: 20.13 | AH38: 0 | AI38: 0 | AJ38: 0 | AK38: 0 | AL38: 0 | AM38: 0 | AN38: 3373
B39: 3 | C39: I - INDIA | D39: 56 | E39: 59.57 | F39: 38 | G39: 40.43 | H39: 94 | I39: 3.78 | J39: 96 | K39: 56.14 | L39: 75 | M39: 43.86 | N39: 171 | O39: 6.87 | P39: 318 | Q39: 51.54 | R39: 299 | S39: 48.46 | T39: 617 | U39: 24.8 | V39: 431 | W39: 49.48 | X39: 440 | Y39: 50.52 | Z39: 871 | AA39: 35.01 | AB39: 313 | AC39: 42.59 | AD39: 422 | AE39: 57.41 | AF39: 735 | AG39: 29.54 | AH39: 0 | AI39: 0 | AJ39: 0 | AK39: 0 | AL39: 0 | AM39: 0 | AN39: 2488
B40: 4 | C40: L - LAIN-LAIN | D40: 0 | E40: 0 | F40: 0 | G40: 0 | H40: 0 | I40: 0 | J40: 0 | K40: 0 | L40: 0 | M40: 0 | N40: 0 | O40: 0 | P40: 0 | Q40: 0 | R40: 0 | S40: 0 | T40: 0 | U40: 0 | V40: 0 | W40: 0 | X40: 1 | Y40: 100 | Z40: 1 | AA40: 100 | AB40: 0 | AC40: 0 | AD40: 0 | AE40: 0 | AF40: 0 | AG40: 0 | AH40: 0 | AI40: 0 | AJ40: 0 | AK40: 0 | AL40: 0 | AM40: 0 | AN40: 1
B41: Jumlah | D41: 1931 | E41: 73.23 | F41: 706 | G41: 26.77 | H41: 2637 | I41: 9.44 | J41: 4282 | K41: 73.3 | L41: 1560 | M41: 26.7 | N41: 5842 | O41: 20.92 | P41: 5201 | Q41: 55.07 | R41: 4243 | S41: 44.93 | T41: 9444 | U41: 33.82 | V41: 3367 | W41: 50.68 | X41: 3276 | Y41: 49.32 | Z41: 6643 | AA41: 23.79 | AB41: 1608 | AC41: 47.86 | AD41: 1752 | AE41: 52.14 | AF41: 3360 | AG41: 12.03 | AH41: 0 | AI41: 0 | AJ41: 0 | AK41: 0 | AL41: 0 | AM41: 0 | AN41: 27926
B44: Negeri | C44: : | D44: 05 - NEGERI SEMBILAN
B45: Parlimen | C45: : | D45: 132 - PORT DICKSON
B46: DUN | C46: : | D46: 32 - LINGGI
B47: Umur Pada | C47: : | D47: 46184
B48: Bil. | C48: Bangsa | D48: 18-20 Thn | J48: 21-25 Thn | P48: 26-40 Thn | V48: 41-60 Thn | AB48: 61-999 Thn | AH48: Tak Diketahui | AN48: Jumlah
D49: Lelaki | F49: Wanita | H49: Jumlah | J49: Lelaki | L49: Wanita | N49: Jumlah | P49: Lelaki | R49: Wanita | T49: Jumlah | V49: Lelaki | X49: Wanita | Z49: Jumlah | AB49: Lelaki | AD49: Wanita | AF49: Jumlah | AH49: Lelaki | AJ49: Wanita | AL49: Jumlah
D50: Bil | E50: % | F50: Bil | G50: % | H50: Bil | I50: % | J50: Bil | K50: % | L50: Bil | M50: % | N50: Bil | O50: % | P50: Bil | Q50: % | R50: Bil | S50: % | T50: Bil | U50: % | V50: Bil | W50: % | X50: Bil | Y50: % | Z50: Bil | AA50: % | AB50: Bil | AC50: % | AD50: Bil | AE50: % | AF50: Bil | AG50: % | AH50: Bil | AI50: % | AJ50: Bil | AK50: % | AL50: Bil | AM50: %
B51: 1 | C51: M - MELAYU | D51: 265 | E51: 52.79 | F51: 237 | G51: 47.21 | H51: 502 | I51: 3.71 | J51: 677 | K51: 55.4 | L51: 545 | M51: 44.6 | N51: 1222 | O51: 9.03 | P51: 2874 | Q51: 54.11 | R51: 2437 | S51: 45.89 | T51: 5311 | U51: 39.23 | V51: 2155 | W51: 48.6 | X51: 2279 | Y51: 51.4 | Z51: 4434 | AA51: 32.75 | AB51: 933 | AC51: 45.12 | AD51: 1135 | AE51: 54.88 | AF51: 2068 | AG51: 15.28 | AH51: 0 | AI51: 0 | AJ51: 0 | AK51: 0 | AL51: 0 | AM51: 0 | AN51: 13537
B52: 2 | C52: C - CINA | D52: 59 | E52: 54.13 | F52: 50 | G52: 45.87 | H52: 109 | I52: 2.88 | J52: 132 | K52: 53.66 | L52: 114 | M52: 46.34 | N52: 246 | O52: 6.5 | P52: 494 | Q52: 51.95 | R52: 457 | S52: 48.05 | T52: 951 | U52: 25.13 | V52: 731 | W52: 56.67 | X52: 559 | Y52: 43.33 | Z52: 1290 | AA52: 34.09 | AB52: 582 | AC52: 48.99 | AD52: 606 | AE52: 51.01 | AF52: 1188 | AG52: 31.4 | AH52: 0 | AI52: 0 | AJ52: 0 | AK52: 0 | AL52: 0 | AM52: 0 | AN52: 3784
B53: 3 | C53: I - INDIA | D53: 60 | E53: 48.39 | F53: 64 | G53: 51.61 | H53: 124 | I53: 3.6 | J53: 137 | K53: 51.12 | L53: 131 | M53: 48.88 | N53: 268 | O53: 7.77 | P53: 560 | Q53: 51.42 | R53: 529 | S53: 48.58 | T53: 1089 | U53: 31.59 | V53: 602 | W53: 49.75 | X53: 608 | Y53: 50.25 | Z53: 1210 | AA53: 35.1 | AB53: 321 | AC53: 42.46 | AD53: 435 | AE53: 57.54 | AF53: 756 | AG53: 21.93 | AH53: 0 | AI53: 0 | AJ53: 0 | AK53: 0 | AL53: 0 | AM53: 0 | AN53: 3447
B54: 4 | C54: L - LAIN-LAIN | D54: 0 | E54: 0 | F54: 0 | G54: 0 | H54: 0 | I54: 0 | J54: 0 | K54: 0 | L54: 0 | M54: 0 | N54: 0 | O54: 0 | P54: 0 | Q54: 0 | R54: 0 | S54: 0 | T54: 0 | U54: 0 | V54: 0 | W54: 0 | X54: 0 | Y54: 0 | Z54: 0 | AA54: 0 | AB54: 0 | AC54: 0 | AD54: 0 | AE54: 0 | AF54: 0 | AG54: 0 | AH54: 0 | AI54: 0 | AJ54: 0 | AK54: 0 | AL54: 0 | AM54: 0 | AN54: 0
B55: Jumlah | D55: 384 | E55: 52.24 | F55: 351 | G55: 47.76 | H55: 735 | I55: 3.54 | J55: 946 | K55: 54.49 | L55: 790 | M55: 45.51 | N55: 1736 | O55: 8.36 | P55: 3928 | Q55: 53.43 | R55: 3423 | S55: 46.57 | T55: 7351 | U55: 35.4 | V55: 3488 | W55: 50.3 | X55: 3446 | Y55: 49.7 | Z55: 6934 | AA55: 33.39 | AB55: 1836 | AC55: 45.76 | AD55: 2176 | AE55: 54.24 | AF55: 4012 | AG55: 19.32 | AH55: 0 | AI55: 0 | AJ55: 0 | AK55: 0 | AL55: 0 | AM55: 0 | AN55: 20768
B58: Negeri | C58: : | D58: 05 - NEGERI SEMBILAN
B59: Parlimen | C59: : | D59: 132 - PORT DICKSON
B60: DUN | C60: : | D60: 33 - SRI TANJUNG
B61: Umur Pada | C61: : | D61: 46184
B62: Bil. | C62: Bangsa | D62: 18-20 Thn | J62: 21-25 Thn | P62: 26-40 Thn | V62: 41-60 Thn | AB62: 61-999 Thn | AH62: Tak Diketahui | AN62: Jumlah
D63: Lelaki | F63: Wanita | H63: Jumlah | J63: Lelaki | L63: Wanita | N63: Jumlah | P63: Lelaki | R63: Wanita | T63: Jumlah | V63: Lelaki | X63: Wanita | Z63: Jumlah | AB63: Lelaki | AD63: Wanita | AF63: Jumlah | AH63: Lelaki | AJ63: Wanita | AL63: Jumlah
D64: Bil | E64: % | F64: Bil | G64: % | H64: Bil | I64: % | J64: Bil | K64: % | L64: Bil | M64: % | N64: Bil | O64: % | P64: Bil | Q64: % | R64: Bil | S64: % | T64: Bil | U64: % | V64: Bil | W64: % | X64: Bil | Y64: % | Z64: Bil | AA64: % | AB64: Bil | AC64: % | AD64: Bil | AE64: % | AF64: Bil | AG64: % | AH64: Bil | AI64: % | AJ64: Bil | AK64: % | AL64: Bil | AM64: %
B65: 1 | C65: M - MELAYU | D65: 199 | E65: 46.93 | F65: 225 | G65: 53.07 | H65: 424 | I65: 5.1 | J65: 444 | K65: 49.22 | L65: 458 | M65: 50.78 | N65: 902 | O65: 10.85 | P65: 1606 | Q65: 52.76 | R65: 1438 | S65: 47.24 | T65: 3044 | U65: 36.6 | V65: 1229 | W65: 50.16 | X65: 1221 | Y65: 49.84 | Z65: 2450 | AA65: 29.46 | AB65: 746 | AC65: 49.87 | AD65: 750 | AE65: 50.13 | AF65: 1496 | AG65: 17.99 | AH65: 0 | AI65: 0 | AJ65: 0 | AK65: 0 | AL65: 0 | AM65: 0 | AN65: 8316
B66: 2 | C66: C - CINA | D66: 122 | E66: 51.05 | F66: 117 | G66: 48.95 | H66: 239 | I66: 3.7 | J66: 271 | K66: 52.32 | L66: 247 | M66: 47.68 | N66: 518 | O66: 8.03 | P66: 952 | Q66: 53.51 | R66: 827 | S66: 46.49 | T66: 1779 | U66: 27.57 | V66: 1032 | W66: 50.27 | X66: 1021 | Y66: 49.73 | Z66: 2053 | AA66: 31.81 | AB66: 851 | AC66: 45.65 | AD66: 1013 | AE66: 54.35 | AF66: 1864 | AG66: 28.89 | AH66: 0 | AI66: 0 | AJ66: 0 | AK66: 0 | AL66: 0 | AM66: 0 | AN66: 6453
B67: 3 | C67: I - INDIA | D67: 58 | E67: 52.25 | F67: 53 | G67: 47.75 | H67: 111 | I67: 2.31 | J67: 155 | K67: 51.67 | L67: 145 | M67: 48.33 | N67: 300 | O67: 6.24 | P67: 611 | Q67: 47.96 | R67: 663 | S67: 52.04 | T67: 1274 | U67: 26.49 | V67: 815 | W67: 47.66 | X67: 895 | Y67: 52.34 | Z67: 1710 | AA67: 35.55 | AB67: 613 | AC67: 43.32 | AD67: 802 | AE67: 56.68 | AF67: 1415 | AG67: 29.42 | AH67: 0 | AI67: 0 | AJ67: 0 | AK67: 0 | AL67: 0 | AM67: 0 | AN67: 4810
B68: 4 | C68: L - LAIN-LAIN | D68: 0 | E68: 0 | F68: 0 | G68: 0 | H68: 0 | I68: 0 | J68: 1 | K68: 50 | L68: 1 | M68: 50 | N68: 2 | O68: 33.33 | P68: 0 | Q68: 0 | R68: 0 | S68: 0 | T68: 0 | U68: 0 | V68: 0 | W68: 0 | X68: 1 | Y68: 100 | Z68: 1 | AA68: 16.67 | AB68: 1 | AC68: 33.33 | AD68: 2 | AE68: 66.67 | AF68: 3 | AG68: 50 | AH68: 0 | AI68: 0 | AJ68: 0 | AK68: 0 | AL68: 0 | AM68: 0 | AN68: 6
B69: Jumlah | D69: 379 | E69: 48.97 | F69: 395 | G69: 51.03 | H69: 774 | I69: 3.95 | J69: 871 | K69: 50.58 | L69: 851 | M69: 49.42 | N69: 1722 | O69: 8.79 | P69: 3169 | Q69: 51.98 | R69: 2928 | S69: 48.02 | T69: 6097 | U69: 31.13 | V69: 3076 | W69: 49.5 | X69: 3138 | Y69: 50.5 | Z69: 6214 | AA69: 31.73 | AB69: 2211 | AC69: 46.27 | AD69: 2567 | AE69: 53.73 | AF69: 4778 | AG69: 24.4 | AH69: 0 | AI69: 0 | AJ69: 0 | AK69: 0 | AL69: 0 | AM69: 0 | AN69: 19585

Sheet Tampin
B2: Negeri | C2: : | D2: 05 - NEGERI SEMBILAN
B3: Parlimen | C3: : | D3: 133 - TAMPIN
B4: DUN | C4: : | D4: 34 - GEMAS
B5: Umur Pada | C5: : | D5: 46184
B6: Bil. | C6: Bangsa | D6: 18-20 Thn | J6: 21-25 Thn | P6: 26-40 Thn | V6: 41-60 Thn | AB6: 61-999 Thn | AH6: Tak Diketahui | AN6: Jumlah
D7: Lelaki | F7: Wanita | H7: Jumlah | J7: Lelaki | L7: Wanita | N7: Jumlah | P7: Lelaki | R7: Wanita | T7: Jumlah | V7: Lelaki | X7: Wanita | Z7: Jumlah | AB7: Lelaki | AD7: Wanita | AF7: Jumlah | AH7: Lelaki | AJ7: Wanita | AL7: Jumlah
D8: Bil | E8: % | F8: Bil | G8: % | H8: Bil | I8: % | J8: Bil | K8: % | L8: Bil | M8: % | N8: Bil | O8: % | P8: Bil | Q8: % | R8: Bil | S8: % | T8: Bil | U8: % | V8: Bil | W8: % | X8: Bil | Y8: % | Z8: Bil | AA8: % | AB8: Bil | AC8: % | AD8: Bil | AE8: % | AF8: Bil | AG8: % | AH8: Bil | AI8: % | AJ8: Bil | AK8: % | AL8: Bil | AM8: %
B9: 1 | C9: M - MELAYU | D9: 487 | E9: 53.05 | F9: 431 | G9: 46.95 | H9: 918 | I9: 3.69 | J9: 1192 | K9: 55.86 | L9: 942 | M9: 44.14 | N9: 2134 | O9: 8.59 | P9: 5610 | Q9: 53.63 | R9: 4850 | S9: 46.37 | T9: 10460 | U9: 42.09 | V9: 3891 | W9: 51.62 | X9: 3647 | Y9: 48.38 | Z9: 7538 | AA9: 30.33 | AB9: 1614 | AC9: 42.46 | AD9: 2187 | AE9: 57.54 | AF9: 3801 | AG9: 15.3 | AH9: 0 | AI9: 0 | AJ9: 0 | AK9: 0 | AL9: 0 | AM9: 0 | AN9: 24851
B10: 2 | C10: C - CINA | D10: 57 | E10: 48.72 | F10: 60 | G10: 51.28 | H10: 117 | I10: 3.85 | J10: 171 | K10: 59.58 | L10: 116 | M10: 40.42 | N10: 287 | O10: 9.45 | P10: 550 | Q10: 56.41 | R10: 425 | S10: 43.59 | T10: 975 | U10: 32.09 | V10: 521 | W10: 54.16 | X10: 441 | Y10: 45.84 | Z10: 962 | AA10: 31.67 | AB10: 329 | AC10: 47.2 | AD10: 368 | AE10: 52.8 | AF10: 697 | AG10: 22.94 | AH10: 0 | AI10: 0 | AJ10: 0 | AK10: 0 | AL10: 0 | AM10: 0 | AN10: 3038
B11: 3 | C11: I - INDIA | D11: 26 | E11: 41.94 | F11: 36 | G11: 58.06 | H11: 62 | I11: 4.61 | J11: 72 | K11: 55.81 | L11: 57 | M11: 44.19 | N11: 129 | O11: 9.58 | P11: 232 | Q11: 54.85 | R11: 191 | S11: 45.15 | T11: 423 | U11: 31.43 | V11: 211 | W11: 50.36 | X11: 208 | Y11: 49.64 | Z11: 419 | AA11: 31.13 | AB11: 138 | AC11: 44.09 | AD11: 175 | AE11: 55.91 | AF11: 313 | AG11: 23.25 | AH11: 0 | AI11: 0 | AJ11: 0 | AK11: 0 | AL11: 0 | AM11: 0 | AN11: 1346
B12: 4 | C12: L - LAIN-LAIN | D12: 0 | E12: 0 | F12: 0 | G12: 0 | H12: 0 | I12: 0 | J12: 0 | K12: 0 | L12: 0 | M12: 0 | N12: 0 | O12: 0 | P12: 0 | Q12: 0 | R12: 0 | S12: 0 | T12: 0 | U12: 0 | V12: 0 | W12: 0 | X12: 0 | Y12: 0 | Z12: 0 | AA12: 0 | AB12: 0 | AC12: 0 | AD12: 0 | AE12: 0 | AF12: 0 | AG12: 0 | AH12: 0 | AI12: 0 | AJ12: 0 | AK12: 0 | AL12: 0 | AM12: 0 | AN12: 0
B13: Jumlah | D13: 570 | E13: 51.96 | F13: 527 | G13: 48.04 | H13: 1097 | I13: 3.75 | J13: 1435 | K13: 56.27 | L13: 1115 | M13: 43.73 | N13: 2550 | O13: 8.72 | P13: 6392 | Q13: 53.9 | R13: 5466 | S13: 46.1 | T13: 11858 | U13: 40.56 | V13: 4623 | W13: 51.83 | X13: 4296 | Y13: 48.17 | Z13: 8919 | AA13: 30.51 | AB13: 2081 | AC13: 43.26 | AD13: 2730 | AE13: 56.74 | AF13: 4811 | AG13: 16.46 | AH13: 0 | AI13: 0 | AJ13: 0 | AK13: 0 | AL13: 0 | AM13: 0 | AN13: 29235
B16: Negeri | C16: : | D16: 05 - NEGERI SEMBILAN
B17: Parlimen | C17: : | D17: 133 - TAMPIN
B18: DUN | C18: : | D18: 35 - GEMENCHEH
B19: Umur Pada | C19: : | D19: 46184
B20: Bil. | C20: Bangsa | D20: 18-20 Thn | J20: 21-25 Thn | P20: 26-40 Thn | V20: 41-60 Thn | AB20: 61-999 Thn | AH20: Tak Diketahui | AN20: Jumlah
D21: Lelaki | F21: Wanita | H21: Jumlah | J21: Lelaki | L21: Wanita | N21: Jumlah | P21: Lelaki | R21: Wanita | T21: Jumlah | V21: Lelaki | X21: Wanita | Z21: Jumlah | AB21: Lelaki | AD21: Wanita | AF21: Jumlah | AH21: Lelaki | AJ21: Wanita | AL21: Jumlah
D22: Bil | E22: % | F22: Bil | G22: % | H22: Bil | I22: % | J22: Bil | K22: % | L22: Bil | M22: % | N22: Bil | O22: % | P22: Bil | Q22: % | R22: Bil | S22: % | T22: Bil | U22: % | V22: Bil | W22: % | X22: Bil | Y22: % | Z22: Bil | AA22: % | AB22: Bil | AC22: % | AD22: Bil | AE22: % | AF22: Bil | AG22: % | AH22: Bil | AI22: % | AJ22: Bil | AK22: % | AL22: Bil | AM22: %
B23: 1 | C23: M - MELAYU | D23: 424 | E23: 54.99 | F23: 347 | G23: 45.01 | H23: 771 | I23: 4.89 | J23: 786 | K23: 52.51 | L23: 711 | M23: 47.49 | N23: 1497 | O23: 9.49 | P23: 2531 | Q23: 50.59 | R23: 2472 | S23: 49.41 | T23: 5003 | U23: 31.73 | V23: 2901 | W23: 51.5 | X23: 2732 | Y23: 48.5 | Z23: 5633 | AA23: 35.72 | AB23: 1228 | AC23: 42.88 | AD23: 1636 | AE23: 57.12 | AF23: 2864 | AG23: 18.16 | AH23: 0 | AI23: 0 | AJ23: 0 | AK23: 0 | AL23: 0 | AM23: 0 | AN23: 15768
B24: 2 | C24: C - CINA | D24: 118 | E24: 61.14 | F24: 75 | G24: 38.86 | H24: 193 | I24: 3.5 | J24: 189 | K24: 54 | L24: 161 | M24: 46 | N24: 350 | O24: 6.35 | P24: 800 | Q24: 50.86 | R24: 773 | S24: 49.14 | T24: 1573 | U24: 28.55 | V24: 953 | W24: 55.25 | X24: 772 | Y24: 44.75 | Z24: 1725 | AA24: 31.31 | AB24: 791 | AC24: 47.39 | AD24: 878 | AE24: 52.61 | AF24: 1669 | AG24: 30.29 | AH24: 0 | AI24: 0 | AJ24: 0 | AK24: 0 | AL24: 0 | AM24: 0 | AN24: 5510
B25: 3 | C25: I - INDIA | D25: 73 | E25: 49.66 | F25: 74 | G25: 50.34 | H25: 147 | I25: 4.08 | J25: 158 | K25: 47.59 | L25: 174 | M25: 52.41 | N25: 332 | O25: 9.22 | P25: 600 | Q25: 50.08 | R25: 598 | S25: 49.92 | T25: 1198 | U25: 33.28 | V25: 613 | W25: 51.08 | X25: 587 | Y25: 48.92 | Z25: 1200 | AA25: 33.33 | AB25: 299 | AC25: 41.36 | AD25: 424 | AE25: 58.64 | AF25: 723 | AG25: 20.08 | AH25: 0 | AI25: 0 | AJ25: 0 | AK25: 0 | AL25: 0 | AM25: 0 | AN25: 3600
B26: 4 | C26: L - LAIN-LAIN | D26: 0 | E26: 0 | F26: 0 | G26: 0 | H26: 0 | I26: 0 | J26: 0 | K26: 0 | L26: 0 | M26: 0 | N26: 0 | O26: 0 | P26: 0 | Q26: 0 | R26: 0 | S26: 0 | T26: 0 | U26: 0 | V26: 0 | W26: 0 | X26: 0 | Y26: 0 | Z26: 0 | AA26: 0 | AB26: 0 | AC26: 0 | AD26: 0 | AE26: 0 | AF26: 0 | AG26: 0 | AH26: 0 | AI26: 0 | AJ26: 0 | AK26: 0 | AL26: 0 | AM26: 0 | AN26: 0
B27: Jumlah | D27: 615 | E27: 55.36 | F27: 496 | G27: 44.64 | H27: 1111 | I27: 4.47 | J27: 1133 | K27: 52 | L27: 1046 | M27: 48 | N27: 2179 | O27: 8.76 | P27: 3931 | Q27: 50.57 | R27: 3843 | S27: 49.43 | T27: 7774 | U27: 31.25 | V27: 4467 | W27: 52.2 | X27: 4091 | Y27: 47.8 | Z27: 8558 | AA27: 34.4 | AB27: 2318 | AC27: 44.1 | AD27: 2938 | AE27: 55.9 | AF27: 5256 | AG27: 21.13 | AH27: 0 | AI27: 0 | AJ27: 0 | AK27: 0 | AL27: 0 | AM27: 0 | AN27: 24878
B30: Negeri | C30: : | D30: 05 - NEGERI SEMBILAN
B31: Parlimen | C31: : | D31: 133 - TAMPIN
B32: DUN | C32: : | D32: 36 - REPAH
B33: Umur Pada | C33: : | D33: 46184
B34: Bil. | C34: Bangsa | D34: 18-20 Thn | J34: 21-25 Thn | P34: 26-40 Thn | V34: 41-60 Thn | AB34: 61-999 Thn | AH34: Tak Diketahui | AN34: Jumlah
D35: Lelaki | F35: Wanita | H35: Jumlah | J35: Lelaki | L35: Wanita | N35: Jumlah | P35: Lelaki | R35: Wanita | T35: Jumlah | V35: Lelaki | X35: Wanita | Z35: Jumlah | AB35: Lelaki | AD35: Wanita | AF35: Jumlah | AH35: Lelaki | AJ35: Wanita | AL35: Jumlah
D36: Bil | E36: % | F36: Bil | G36: % | H36: Bil | I36: % | J36: Bil | K36: % | L36: Bil | M36: % | N36: Bil | O36: % | P36: Bil | Q36: % | R36: Bil | S36: % | T36: Bil | U36: % | V36: Bil | W36: % | X36: Bil | Y36: % | Z36: Bil | AA36: % | AB36: Bil | AC36: % | AD36: Bil | AE36: % | AF36: Bil | AG36: % | AH36: Bil | AI36: % | AJ36: Bil | AK36: % | AL36: Bil | AM36: %
B37: 1 | C37: M - MELAYU | D37: 281 | E37: 51.47 | F37: 265 | G37: 48.53 | H37: 546 | I37: 4.69 | J37: 598 | K37: 51.6 | L37: 561 | M37: 48.4 | N37: 1159 | O37: 9.97 | P37: 2309 | Q37: 51.36 | R37: 2187 | S37: 48.64 | T37: 4496 | U37: 38.66 | V37: 1629 | W37: 49.16 | X37: 1685 | Y37: 50.84 | Z37: 3314 | AA37: 28.5 | AB37: 954 | AC37: 45.11 | AD37: 1161 | AE37: 54.89 | AF37: 2115 | AG37: 18.19 | AH37: 0 | AI37: 0 | AJ37: 0 | AK37: 0 | AL37: 0 | AM37: 0 | AN37: 11630
B38: 2 | C38: C - CINA | D38: 195 | E38: 48.51 | F38: 207 | G38: 51.49 | H38: 402 | I38: 3.46 | J38: 479 | K38: 50.42 | L38: 471 | M38: 49.58 | N38: 950 | O38: 8.17 | P38: 1775 | Q38: 51.45 | R38: 1675 | S38: 48.55 | T38: 3450 | U38: 29.66 | V38: 1900 | W38: 50.61 | X38: 1854 | Y38: 49.39 | Z38: 3754 | AA38: 32.27 | AB38: 1461 | AC38: 47.48 | AD38: 1616 | AE38: 52.52 | AF38: 3077 | AG38: 26.45 | AH38: 0 | AI38: 0 | AJ38: 0 | AK38: 0 | AL38: 0 | AM38: 0 | AN38: 11633
B39: 3 | C39: I - INDIA | D39: 89 | E39: 52.35 | F39: 81 | G39: 47.65 | H39: 170 | I39: 3.73 | J39: 219 | K39: 47.51 | L39: 242 | M39: 52.49 | N39: 461 | O39: 10.11 | P39: 756 | Q39: 50.03 | R39: 755 | S39: 49.97 | T39: 1511 | U39: 33.14 | V39: 717 | W39: 46.86 | X39: 813 | Y39: 53.14 | Z39: 1530 | AA39: 33.55 | AB39: 368 | AC39: 41.44 | AD39: 520 | AE39: 58.56 | AF39: 888 | AG39: 19.47 | AH39: 0 | AI39: 0 | AJ39: 0 | AK39: 0 | AL39: 0 | AM39: 0 | AN39: 4560
B40: 4 | C40: L - LAIN-LAIN | D40: 1 | E40: 100 | F40: 0 | G40: 0 | H40: 1 | I40: 14.29 | J40: 0 | K40: 0 | L40: 0 | M40: 0 | N40: 0 | O40: 0 | P40: 3 | Q40: 75 | R40: 1 | S40: 25 | T40: 4 | U40: 57.14 | V40: 0 | W40: 0 | X40: 0 | Y40: 0 | Z40: 0 | AA40: 0 | AB40: 0 | AC40: 0 | AD40: 2 | AE40: 100 | AF40: 2 | AG40: 28.57 | AH40: 0 | AI40: 0 | AJ40: 0 | AK40: 0 | AL40: 0 | AM40: 0 | AN40: 7
B41: Jumlah | D41: 566 | E41: 50.58 | F41: 553 | G41: 49.42 | H41: 1119 | I41: 4.02 | J41: 1296 | K41: 50.43 | L41: 1274 | M41: 49.57 | N41: 2570 | O41: 9.23 | P41: 4843 | Q41: 51.19 | R41: 4618 | S41: 48.81 | T41: 9461 | U41: 34 | V41: 4246 | W41: 49.38 | X41: 4352 | Y41: 50.62 | Z41: 8598 | AA41: 30.89 | AB41: 2783 | AC41: 45.76 | AD41: 3299 | AE41: 54.24 | AF41: 6082 | AG41: 21.85 | AH41: 0 | AI41: 0 | AJ41: 0 | AK41: 0 | AL41: 0 | AM41: 0 | AN41: 27830
